name1,name2,sub,
大同大學,機械與材料工程學系,國、英、數A、數B、自,
大同大學,化學工程與生物科技學系,*國、英、數A、數B、自,
大同大學,工程學院學士班,國、英、數A、數B、自,
大同大學,電機工程學系,英、數A、*自,
大同大學,資訊工程學系,國、英,
大同大學,事業經營學系,國、英、社,
大同大學,資訊經營學系,國、英、數B,
大同大學,應用外語學系,國、英、社,
大同大學,工業設計學系,國、英、數A、數B,
大同大學,媒體設計學系互動媒體設計組,國、英,
大同大學,媒體設計學系數位遊戲設計組,國、英、數B,
大葉大學,機械與自動化工程學系(車輛科技與綠色能源組),國、英、數A,
大葉大學,機械與自動化工程學系(微機電與精密機械組),國、英、數A,
大葉大學,機械與自動化工程學系(機電整合組),國、英、數A,
大葉大學,"	
電機工程學系",英、自,
大葉大學,資訊工程學系(資訊工程組),國、英,
大葉大學,資訊工程學系(資訊應用組),國、英,
大葉大學,環境工程學系(環保技術組),英、自,
大葉大學,"	
環境工程學系(環境管理組)",英、社,
大葉大學,消防安全學士學位學程(消防產業組),英、自,
大葉大學,消防安全學士學位學程(消防管理組),英、社,
大葉大學,"	
企業管理學系(經營管理組)",國、英、數B,
大葉大學,"	
企業管理學系(數位行銷組)",國、英、數B、社,
大葉大學,"	
資訊管理學系(數位經營組)",國、英,
大葉大學,"	
資訊管理學系(系統管理組)",國、英,
大葉大學,"	
會計資訊學系(會計管理組)",國、英*、社,
大葉大學,會計資訊學系(投資理財組),國、英*、社,
大葉大學,"	
財務金融學系(銀行專業組)",國、英,
大葉大學,財務金融學系(投資管理組),國、英,
大葉大學,財務金融學系(公司財務組) ,國、英、社,
大葉大學,英語學系,國、英,
大葉大學,"	
應用日語學系(商務貿易組)",國、英,
大葉大學,"	
應用日語學系(文化事業組)",英、社,
大葉大學,應用日語學系(企業應用組),國、英,
大葉大學,生物醫學系(生物醫藥組),國*、英,
大葉大學,生物醫學系(檢驗醫學組),國、英,
大葉大學,藥用植物與食品保健學系(中藥保健組),國*、英,
大葉大學,藥用植物與食品保健學系(食品科學組),國、英,
大葉大學,觀光旅遊學系,國、社,
大葉大學,"	
餐旅管理學系",國、社,
大葉大學,休閒事業管理學系,國、社,
大葉大學,烘焙暨飲料調製學士學位學程,國、社,
大葉大學,護理學系,英、自,
大葉大學,視光學系,國、英,
大葉大學,醫學工程學系,國、數A,
大葉大學,醫學工程學系(智慧醫療組,英、數A,
大葉大學,職能治療學系,國、英、自,
大葉大學,工業設計學系,國、英,
大葉大學,"	
傳播藝術學士學位學程",國、社,
大葉大學,造形藝術學系(工藝文創組),國、社,
大葉大學,"	
造形藝術學系(藝術創作組)",國、英,
大葉大學,多媒體數位內容學士學位學程(動畫與影視特效組),國,
大葉大學,"	
多媒體數位內容學士學位學程(遊戲與互動設計組)",社,
大葉大學,多媒體數位內容學士學位學程(動漫美術與模型製作組),國、社,
大葉大學,"	
視覺傳達設計學系(視覺設計組)",國、社,
大葉大學,視覺傳達設計學系(影視動畫組),國,
大葉大學,"	
空間設計學系建築組",國、社,
大葉大學,"	
空間設計學系室內設計組",國、社,
大葉大學,"	
運動健康管理學系",國,
中信金融管理學院,財務金融學系,國、數A、數B,
中信金融管理學院,財經法律學系,國,
中信金融管理學院,企業管理學系,國,
中信金融管理學院,金融管理學院學士班,國,
中信金融管理學院,人工智慧學系,國、數A、數B,
中國文化大學,哲學系,國、英、社,
中國文化大學,中國文學系中國文學組,國、英,
中國文化大學,中國文學系文藝創作組,國、英,
中國文化大學,史學系,國*、英*、社,
中國文化大學,日本語文學系,國、英*、社,
中國文化大學,韓國語文學系,國、英,
中國文化大學,俄國語文學系,國*、英、社*,
中國文化大學,英國語文學系,國*、英、社*,
中國文化大學,法國語文學系,國*、英、社*,
中國文化大學,全球商務學士學位學程,國*、英、數A、數B、社*,
中國文化大學,應用數學系,國、英、數A,
中國文化大學,光電物理學系,國*、英*、數A,
中國文化大學,化學系,國*、英*、數A*、自,
中國文化大學,地理學系,國、英*、社,
中國文化大學,大氣科學系,國*、英*、數A、自*,
中國文化大學,地質學系,國、英,
中國文化大學,生命科學系,國*、英、自,
中國文化大學,法律學系法學組,國、英、社*,
中國文化大學,法律學系財經法律組,國、英、社*,
中國文化大學,法律學系企業金融法制組,國、英、社*,
中國文化大學,政治學系,國、英,
中國文化大學,經濟學系,國、英、數B、社*,
中國文化大學,勞動暨人力資源學系,國、英、社,
中國文化大學,社會福利學系,國、英*、社,
中國文化大學,行政管理學系,國*、英、社,
中國文化大學,園藝暨生物技術學系,國、英、自,
中國文化大學,動物科學系,國、英*、自,
中國文化大學,森林暨自然保育學系,國、英*、自,
中國文化大學,土地資源學系,國、英、數B,
中國文化大學,生活應用科學系,國*、社,
中國文化大學,保健營養學系,國、英、自,
中國文化大學,化學工程與材料工程學系,英、數A、自,
中國文化大學,電機工程學系,國*、英*、數A、自*,
中國文化大學,機械工程學系,國、英、數A,
中國文化大學,紡織工程學系,國*、英、數A*、自,
中國文化大學,資訊工程學系,國*、英、數A*、自*,
中國文化大學,國際貿易學系,國*、英、社*,
中國文化大學,國際企業管理學系,國、英*、社,
中國文化大學,會計學系,國、英*、數B*,
中國文化大學,觀光事業學系,國、英、社,
中國文化大學,資訊管理學系(智慧商務科技組),英、數B、社,
中國文化大學,資訊管理學系(雲端服務暨巨量資料組),英、數B、社*,
中國文化大學,"	
財務金融學系金融行銷組",國、社,
中國文化大學,財務金融學系財務金融組,國、英,
中國文化大學,行銷學士學位學程,國*、社,
中國文化大學,新聞學系,國、英、社,
中國文化大學,廣告學系,國、英、社,
中國文化大學,資訊傳播學系,國、英,
中國文化大學,大眾傳播學系,國、英、社*,
中國文化大學,都市計劃與開發管理學系,國、社,
中國文化大學,建築及都市設計學系,國、英,
中國文化大學,景觀學系,國、英、社*、自*,
中國文化大學,教育學系,國、英、社,
中國文化大學,心理輔導學系,國、英、社,
中國文化大學,戲劇學系,國、英,
中國文化大學,中國戲劇學系,國、社*,
中國文化大學,音樂學系,"國、主修、擊樂
理論作曲",
中國文化大學,美術學系,國、英*、社*、素描、彩繪技法、水墨書畫,
中國文化大學,體育學系,國*、英、社*、自*,
中國文化大學,運動與健康促進學系,國*、英,
天主教輔仁大學,中國文學系,國、英*、社*,
天主教輔仁大學,歷史學系,國、英、社,
天主教輔仁大學,哲學系,國、英、社,
天主教輔仁大學,景觀設計學系,國、英、社,
天主教輔仁大學,影像傳播學系,國、英、社,
天主教輔仁大學,新聞傳播學系,國、英、社、數B*,
天主教輔仁大學,廣告傳播學系,國、英、數B、社*,
天主教輔仁大學,教育領導與科技發展學士學位學程,國、英、數B、社,
天主教輔仁大學,護理學系,國*、英、數A*、自,
天主教輔仁大學,公共衛生學系,國、英、數A、數B,
天主教輔仁大學,醫學系,國、英、數A、自,
天主教輔仁大學,醫學系(公費生),國、英、數A、自,
天主教輔仁大學,臨床心理學系,國、英、數A、自,
天主教輔仁大學,職能治療學系,國、英、數A*、自,
天主教輔仁大學,呼吸治療學系,英、數A*、自,
天主教輔仁大學,數學系資訊數學組,英*、數A、自*,
天主教輔仁大學,數學系應用數學組,英*、數A、自*,
天主教輔仁大學,化學系,英、數A*、自,
天主教輔仁大學,資訊工程學系,國、英、數A,
天主教輔仁大學,生命科學系,英*、自,
天主教輔仁大學,物理學系物理組,英*、數A、自,
天主教輔仁大學,物理學系光電物理組,英*、數A、自,
天主教輔仁大學,電機工程學系,英、數A、自,
天主教輔仁大學,醫學資訊與創新應用學士學位學程,國、英、數A,
天主教輔仁大學,人工智慧與資訊安全學士學位學程,國、英、數A,
天主教輔仁大學,英國語文學系,國、英、社*,
天主教輔仁大學,法國語文學系,國、英、社*,
天主教輔仁大學,西班牙語文學系,國、英、社*,
天主教輔仁大學,日本語文學系,國、英、社,
天主教輔仁大學,義大利語文學系,國、英、社*,
天主教輔仁大學,德語語文學系,國、英,
天主教輔仁大學,織品服裝學系織品設計組,國、英,
天主教輔仁大學,織品服裝學系服飾設計組,國、英,
天主教輔仁大學,織品服裝學系織品服飾行銷組,國、英、數A、數B,
天主教輔仁大學,餐旅管理學系,國、英、數B,
天主教輔仁大學,兒童與家庭學系,國、英、數B,
天主教輔仁大學,食品科學系,國*、英、數A*、自,
天主教輔仁大學,營養科學系,國*、英、數A、數B、自,
天主教輔仁大學,法律學系,國、英、社,
天主教輔仁大學,財經法律學系,國、英、社,
天主教輔仁大學,企業管理學系,英、數B,
天主教輔仁大學,會計學系,國、英、數B,
天主教輔仁大學,資訊管理學系,國、英、數B,
天主教輔仁大學,統計資訊學系,國*、英、數B,
天主教輔仁大學,金融與國際企業學系,國、英、數B,
天主教輔仁大學,社會學系,國、英、社,
天主教輔仁大學,社會工作學系,國、英,
天主教輔仁大學,經濟學系,英、數B、社*,
天主教輔仁大學,宗教學系,國、英*、社*,
天主教輔仁大學,心理學系,國、英、社,
天主教輔仁大學,天主教研修學士學位學程,國,
天主教輔仁大學,音樂學系應用音樂組,國、英,
天主教輔仁大學,音樂學系器樂組,國、英、樂理、聽寫、主修,
天主教輔仁大學,音樂學系爵士音樂組,國、英,
天主教輔仁大學,應用美術學系,國、英、數B*、素描、創意表現,
天主教輔仁大學,體學系體育學組,國、英、數B*、體育,
天主教輔仁大學,體育學系運動健康管理組,國、英、數B*,
世新大學,新聞學系,國、英,
世新大學,廣播電視電影學系廣播組,國、英、社,
世新大學,廣播電視電影學系電視組,國、英、社,
世新大學,廣播電視電影學系電影組,國、英、社,
世新大學,圖文傳播暨數位出版學系,國、英,
世新大學,公共關係暨廣告學系,國、英、*社,
世新大學,口語傳播暨社群媒體學系,國、英,
世新大學,資訊傳播學系,國、英、*社,
世新大學,數位多媒體設計學系動畫設計組,國、英,
世新大學,數位多媒體設計學系遊戲設計組,國、英,
世新大學,傳播管理學系,國、英、*社,
世新大學,資訊管理學系資訊管理組,國、英、數B,
世新大學,資訊管理學系資訊科技組,國、英、數B,
世新大學,資訊管理學系智慧網路應用組,國、數B,
世新大學,財務金融學系,國、數B、社,
世新大學,行政管理學系,國、英、社,
世新大學,觀光學系餐旅經營管理組,*國、社,
世新大學,觀光學系旅遊暨休閒事業管理組,*國、社,
世新大學,觀光學系觀光規劃暨資源管理組,*國、社,
世新大學,經濟學系,*國、*英、數B,
世新大學,企業管理學系,國、*英、*社,
世新大學,社會心理學系,國、英、數A、數B,
世新大學,英語暨傳播應用學系,國、英,
世新大學,中國文學系,國、社,
世新大學,日本語文學系,國、*英、社,
世新大學,法律學系,國、*英、*社,
佛光大學,文化資產與創意學系(A組),國、社*,
佛光大學,文化資產與創意學系(B組),國*、社,
佛光大學,傳播學系(數位媒體組),國、社,
佛光大學,傳播學系(廣告公關組),國*、社,
佛光大學,傳播學系(流行音樂傳播組),國、社*,
佛光大學,"	
資訊應用學系(資訊系統與智慧應用組)",國、社,
佛光大學,資訊應用學系(動畫與數位內容組),國、社,
佛光大學,資訊應用學系(數位遊戲開發組),國,
佛光大學,中國文學與應用學系,國、社*,
佛光大學,"	
歷史學系(A組)",社,
佛光大學,"	
歷史學系(B組)",國、社,
佛光大學,外國語文學系,國*、英,
佛光大學,社會學暨社會工作學系,國、英*、社*,
佛光大學,心理學系,國、英、數A、數B,
佛光大學,公共事務學系(國際與兩岸事務組),國*、社,
佛光大學,公共事務學系(行政管理組),國、社*,
佛光大學,管理學系(經營管理組),國*、社,
佛光大學,"	
管理學系(行銷與創業組)",國、社*,
佛光大學,管理學系(休閒事業管理組),國、社,
佛光大學,應用經濟學系(財務金融組),國、社,
佛光大學,應用經濟學系(國際商務組),國*、社,
佛光大學,未來與樂活產業學系,國*、社,
佛光大學,健康與創意蔬食產業學系,國,
佛光大學,"	
產品與媒體設計學系(創意產品設計組)",國、社,
佛光大學,產品與媒體設計學系(商業媒體設計組),國,
亞洲大學,健康產業管理學系健康產業管理組,國、數B、社,
亞洲大學,健康產業管理學系醫療機構管理組,國、數B、社,
亞洲大學,食品營養與保健生技學系食品營養組,國、英、自,
亞洲大學,食品營養與保健生技學系保健化妝品組,國、英,
亞洲大學,醫學檢驗暨生物技術學系醫事檢驗組,國、英、自,
亞洲大學,醫學檢驗暨生物技術學系生物技術組,國、英、自,
亞洲大學,心理學系心理師研修組,英、自,
亞洲大學,心理學系諮商與臨床心理組,國、英,
亞洲大學,心理學系工商與社會心理組,英、社,
亞洲大學,視光學系,國、英,
亞洲大學,聽力暨語言治療學系,英、自,
亞洲大學,職能治療學系,國、英、自,
亞洲大學,物理治療學系,國、英、自,
亞洲大學,護理學系國際護理組,英、數A、自,
亞洲大學,護理學系臨床照護組,英、數A、自,
亞洲大學,護理學系高齡長期照護組,國、*英、數A、自,
亞洲大學,生物資訊與醫學工程學系生醫資訊組,國、數A、自,
亞洲大學,生物資訊與醫學工程學系醫學工程組,國、數A、自,
亞洲大學,資訊工程學系人工智慧組,國、英、數B,
亞洲大學,資訊工程學系數位內容與遊戲設計組,國、數B,
亞洲大學,資訊工程學系智慧電子組,英、數B,
亞洲大學,行動商務與多媒體應用學系多媒體應用組,國、社,
亞洲大學,行動商務與多媒體應用學系行動商務組,國、社,
亞洲大學,資訊傳播學系智慧傳播應用組,國、社,
亞洲大學,資訊傳播學系新媒體傳播內容組,國、社,
亞洲大學,經營管理學系行銷管理組,國,
亞洲大學,經營管理學系國際企業管理組,國、英,
亞洲大學,休閒與遊憩管理學系餐旅事業管理組,國、社,
亞洲大學,休閒與遊憩管理學系旅遊事業管理組,國、英,
亞洲大學,會計與資訊學系會計稅務組,*國、社,
亞洲大學,會計與資訊學系智慧會計組,國、*英,
亞洲大學,財務金融學系投資理財組,國、英、社,
亞洲大學,財務金融學系金融科技組,國、英、社,
亞洲大學,財經法律學系科技法律組,國、社,
亞洲大學,財經法律學系財經法律組,國、社,
亞洲大學,外國語文學系語文專業組,國、英,
亞洲大學,外國語文學系語文應用組,英、社,
亞洲大學,社會工作學系社工心理雙專業組,國、英,
亞洲大學,社會工作學系醫務社工與長期照顧雙專業組,國、英、社,
亞洲大學,幼兒教育學系文教產業組,國、社,
亞洲大學,幼兒教育學系幼教師資組,國、英、社,
亞洲大學,數位媒體設計學系,國、英,
亞洲大學,視覺傳達設計學系,國、英,
亞洲大學,創意商品設計學系,國、社,
亞洲大學,時尚設計學系時尚服裝設計組,國、英,
亞洲大學,時尚設計學系服飾創意設計組,國、社,
亞洲大學,室內設計學系商業空間組,英、社,
亞洲大學,室內設計學系住宅空間組,國、英,
亞洲大學,室內設計學系智慧空間組,社,
東海大學,中國文學系,國、社,
東海大學,外國語文學系,*國、英,
東海大學,歷史學系,*國、*英、社,
東海大學,日本語言文化學系,國、英、*社,
東海大學,哲學系,國、英、社,
東海大學,應用物理學系,國、英、數A,
東海大學,化學系化學組,英、自,
東海大學,化學系化學生物組,英、自,
東海大學,生命科學系生物醫學組,*國、英、自,
東海大學,生命科學系生態暨生物多樣性組,*國、英、自,
東海大學,應用數學系,國、英、數A,
東海大學,化學工程與材料工程學系(製程及能源工程組),英、數A、*自,
東海大學,化學工程與材料工程學系(材料工程組),*英、數A、自,
東海大學,化學工程與材料工程學系(生化工程組),英、數A、自,
東海大學,工業工程與經營資訊學系(智慧設計與生產),*國、英、數A,
東海大學,工業工程與經營資訊學系(智慧經營與管理),*國、英、數A,
東海大學,環境科學與工程學系,*國、英、數A、自,
東海大學,資訊工程學系(資電工程組),英、數A、自,
東海大學,資訊工程學系(軟體工程組),英、數A、自,
東海大學,資訊工程學系(人工智慧組),英、數A、自,
東海大學,電機工程學系,國、英、數A、自,
東海大學,企業管理學系,國、英、數B,
東海大學,國際經營與貿易學系,國、英、數B,
東海大學,會計學系,國、英、數B,
東海大學,財務金融學系,英、數B,
東海大學,統計學系(巨量資料管理組),國、*英、數A,
東海大學,統計學系(決策管理組),國、*英、數B,
東海大學,資訊管理學系(物聯網與大數據應用組),英、數B,
東海大學,資訊管理學系(數位行銷與電子商務應用組),*國、英、數B,
東海大學,經濟學系一般經濟組,*國、英、數A,
東海大學,經濟學系產業經濟組,*國、英、數A,
東海大學,政治學系政治理論組,*國、英、社,
東海大學,政治學系國際關係組,*國、英、社,
東海大學,行政管理暨政策學系,國、社,
東海大學,社會學系,國、英、社,
東海大學,社會工作學系,國、英、社,
東海大學,畜產與生物科技學系,國、英、自,
東海大學,食品科學系,英、數A、數B、自,
東海大學,餐旅管理學系,國、英,
東海大學,高齡健康與運動科學學士學位學程,國、英,
東海大學,建築學系,國、英、數A、數B、*自,
東海大學,工業設計學系(A組),國、英、自,
東海大學,工業設計學系(B組),國、英、社,
東海大學,景觀學系,國、英,
東海大學,法律學系,國、英、數A、數B、*社,
東海大學,法律學系,國、英、數A、數B、*社,
東海大學,國際學院國際經營管理學位學程,英、*社,
東海大學,永續科學與管理學士學位學程,英、*自,
東海大學,音樂學系,國、英、主修、*樂理,
東海大學,美術學系,"國、*英、*社、素描、彩繪技法、創意表現
",
真理大學,人文與資訊學系一般組,*國、社,
真理大學,人文與資訊學系文化行銷組,國、社,
真理大學,人文與資訊學系數位應用組,國、*社,
真理大學,宗教文化與資訊管理學系,國,
真理大學,宗教文化與資訊管理學系藝術與生死組,國、社,
真理大學,宗教文化與資訊管理學系文創與數位組,國、社,
真理大學,英美語文學系,*國、英,
真理大學,應用日語學系,國、英、社,
真理大學,台灣文學系一般組,國、*社,
真理大學,台灣文學系語文傳播組,*國、社,
真理大學,統計資訊與精算學系一般組,國、*英、數A、數B,
真理大學,統計資訊與精算學系商業應用組,*國、數B,
真理大學,資訊工程學系,國、英、*數B,
真理大學,資訊工程學系科技應用組,*國、英、*數B,
真理大學,資訊工程學系人工智慧應用組,國、*英、數B,
真理大學,資訊工程學系多媒體與遊戲設計組,國、*英、*數B,
真理大學,資訊工程學系大數據應用組,*國、*英、數B,
真理大學,法律學系,國、*社,
真理大學,會計資訊學系,國、*英、社,
真理大學,財務金融學系,國、英、社,
真理大學,國際企業與貿易學系,國、英、社,
真理大學,理財與稅務規劃學系,社,
真理大學,經濟學系,*國、*英、社,
真理大學,工業管理與經營資訊學系,國、*英,
真理大學,企業管理學系,*國、*英、社,
真理大學,資訊管理學系資管應用組,國、英、社,
真理大學,資訊管理學系電商行銷組,國、英、社,
真理大學,資訊管理學系智慧商務組,國、英、社,
真理大學,運動管理學系,國、*英、*社,
真理大學,運動資訊傳播學系,國、*英、*社,
真理大學,觀光事業學系旅運管理組,國、*英、*社,
真理大學,觀光事業學系餐旅管理組,國、社,
真理大學,觀光事業學系休閒遊憩組,*國、社、自,
真理大學,觀光事業學系觀光外語組,國、英、*社,
真理大學,觀光數位知識學系資訊應用組,國、*英、社,
真理大學,觀光數位知識學系觀光旅遊組,國、社,
真理大學,觀光數位知識學系旅館餐飲組,國、*英、*社,
真理大學,觀光數位知識學系旅遊運輸組,*國、*英、社,
真理大學,航空事業學系,國、英、社,
真理大學,音樂應用學系-行政管理組,國、*英、*社,
真理大學,音樂應用學系-演奏教學A組,國、英、主修、樂理、視唱,
真理大學,音樂應用學系-演奏教學B組,國、*英、*社,
馬偕醫學院,醫學系,英、數A、社、自,
馬偕醫學院,護理學系,國、英、自,
馬偕醫學院,聽力暨語言治療學系聽力組,國、英、數A、自,
馬偕醫學院,聽力暨語言治療學系語言組,國、英、數A、自,
高雄醫學大學,醫學系,國、英、數A、自,
高雄醫學大學,運動醫學系,國*、英、數A*、自,
高雄醫學大學,呼吸治療學系,國*、英、數B*、自,
高雄醫學大學,牙醫學系,國、英、數A、自,
高雄醫學大學,口腔衛生學系,國、英、數A、自,
高雄醫學大學,藥學系,國、英、數A、自,
高雄醫學大學,香粧品學系,國、英、數A、自,
高雄醫學大學,護理學系,國*、英、數A、自,
高雄醫學大學,醫學檢驗生物技術學系,英、自,
高雄醫學大學,醫學影像暨放射科學系,國*、英、數A、自,
高雄醫學大學,公共衛生學系,國*、英、數A、自*,
高雄醫學大學,職能治療學系,國、英、數A、數B、自,
高雄醫學大學,醫務管理暨醫療資訊學系,國*、英、數A,
高雄醫學大學,醫藥暨應用化學系醫藥化學組,英、數A*、自,
高雄醫學大學,醫藥暨應用化學系應用化學組,英、數A*、自,
高雄醫學大學,生物醫學暨環境生物學系,國、英、數A、自,
高雄醫學大學,生物科技學系,英、數A*、自,
高雄醫學大學,生命科學院學士班,英、數A*、自,
高雄醫學大學,心理學系,英、自,
高雄醫學大學,醫學社會學與社會工作學系,國、英、社*,
高雄醫學大學,醫學系(公費生),國、英、數A、自,
國立中山大學,中國文學系,國、英、社,
國立中山大學,外國語文學系,國、英、社,
國立中山大學,劇場藝術學系,國、英,
國立中山大學,生物科學系,國、英、數A、自,
國立中山大學,化學系,國、英、數A、自,
國立中山大學,化學系英語組,國、英、數A、自、英聽,
國立中山大學,物理學系,國、英、數A、自,
國立中山大學,物理學系量子科技組(全英),*國、英、數A、自,
國立中山大學,應用數學系,國、英、數A、自,
國立中山大學,應用數學系英語組,國、英、數A、自,
國立中山大學,電機工程學系,英、數A、自,
國立中山大學,電機工程學系全英語組,英、數A、自,
國立中山大學,機械與機電工程學系,國、英、數A、自,
國立中山大學,機械與機電工程學系全英語組,國、英、數A、自,
國立中山大學,資訊工程學系,國、英、數A、自,
國立中山大學,光電工程學系,國、英、數A、自,
國立中山大學,企業管理學系,英、數B,
國立中山大學,資訊管理學系,國、英、數A,
國立中山大學,財務管理學系,國、英、數A,
國立中山大學,國際經營管理全英語學士學位學程,英、數B、社,
國立中山大學,海洋生物科技暨資源學系,英、數A、自,
國立中山大學,海洋環境及工程學系,英、數A、自,
國立中山大學,海洋科學系,國、英、數A、自,
國立中山大學,政治經濟學系,*國、英、數A,
國立中山大學,社會學系,英、*數B、社,
國立中山大學,人文暨科技跨領域學士學位學程,國、英、數A、數B,
國立中山大學,音樂學系,"國、英、主修、樂理、視唱、聽寫
",
國立中山大學,音樂學系創作與應用組,"國、英、樂理、聽寫
",
國立中央大學,中國文學系,國、英、社,
國立中央大學,英美語文學系,國、英、社,
國立中央大學,法國語文學系,國、英、社,
國立中央大學,文學院學士班,國、英、數B、社,
國立中央大學,數學系數學科學組,國、英、數A、自,
國立中央大學,數學系計算與資料科學組,國、英、數A、自,
國立中央大學,物理學系,國、英、數A、自,
國立中央大學,化學學系,國、英、數A、自,
國立中央大學,光電科學與工程學系,國、英、數A、自,
國立中央大學,土木工程學系,國、英、數A、自,
國立中央大學,機械工程學系光機電工程組,國、英、數A、自,
國立中央大學,機械工程學系先進材料與精密製造組,國、英、數A、自,
國立中央大學,機械工程學系設計與分析組,國、英、數A、自,
國立中央大學,化學工程與材料工程學系,數A、自,
國立中央大學,工學院學士班,英、數A、自,
國立中央大學,企業管理學系,國、英、數B、社,
國立中央大學,資訊管理學系,國、英、數A、自,
國立中央大學,經濟學系,國、英、數B,
國立中央大學,財務金融學系,國、英、數B、社,
國立中央大學,電機工程學系,國、英、數A、自,
國立中央大學,資訊工程學系,國、英、數A、自,
國立中央大學,通訊工程學系,國、英、數A、自,
國立中央大學,資訊電機學院學士班,國、英、數A、自,
國立中央大學,大氣科學學系,國、英、數A、自,
國立中央大學,太空科學與工程學系,國、英、數A、自,
國立中央大學,地球科學學系,國、英、數A、自,
國立中央大學,地球科學學院學士班,國、英、數A、自,
國立中央大學,客家語文暨社會科學學系客家語文及傳播組,國、英、社,
國立中央大學,客家語文暨社會科學學系客家社會及政策組,國、英、社,
國立中央大學,生命科學系,英、數A、自,
國立中央大學,生醫科學與工程學系,英、數A、自,
國立中正大學,中國文學系,國、英、社,
國立中正大學,外國語文學系,國、英、*社,
國立中正大學,歷史學系,國、英、社,
國立中正大學,哲學系,國、英、數B,
國立中正大學,數學系,英、數A、自,
國立中正大學,地球與環境科學系,英、數A、自,
國立中正大學,物理學系,英、數A、自,
國立中正大學,化學暨生物化學系,國、英、數A、自,
國立中正大學,生物醫學科學系,國、英、數A、自,
國立中正大學,社會福利學系,國、英、數B、社,
國立中正大學,心理學系,國、英、數A、自,
國立中正大學,勞工關係學系,國、英、數B、*社,
國立中正大學,政治學系,國、英、數B、社,
國立中正大學,傳播學系,國、英、社,
國立中正大學,資訊工程學系,國、英、數A、自,
國立中正大學,電機工程學系,國、英、數A、自,
國立中正大學,機械工程學系機械工程組,國、英、數A、自,
國立中正大學,機械工程學系光機電整合工程組,國、英、數A、自,
國立中正大學,化學工程學系,國、英、數A、自,
國立中正大學,通訊工程學系,國、英、數A、自,
國立中正大學,經濟學系,國、英、數B,
國立中正大學,財務金融學系,國、英、數B,
國立中正大學,企業管理學系,國、英、數B,
國立中正大學,會計與資訊科技學系,國、英、數B,
國立中正大學,資訊管理學系,國、英、數A,
國立中正大學,法律學系法學組,國、英、數B、社,
國立中正大學,法律學系法制組,國、英、數B、社,
國立中正大學,財經法律學系,國、英、數B、社,
國立中正大學,成人及繼續教育學系,國、英、數B、社,
國立中正大學,犯罪防治學系,國、英、數B、社,
國立中正大學,紫荊不分系學士學位學程,國、英,
國立中興大學,中國文學系,國、英、社、英聽,
國立中興大學,外國語文學系,國、英、社、英聽,
國立中興大學,歷史學系,國、英、社,
國立中興大學,台灣人文創新學士學位學程,國、英、社,
國立中興大學,財務金融學系,國、英、社、數B,
國立中興大學,企業管理學系,國、英、社、數B,
國立中興大學,資訊管理學系,國、英、數A、自然,
國立中興大學,會計學系,國、英、社、數B,
國立中興大學,行銷學系,國、英、社、數B、數A、英聽,
國立中興大學,應用經濟學系,國、英、數A、英聽,
國立中興大學,法律學系,國、英、社、數B,
國立中興大學,化學系,英、數A、自然,
國立中興大學,物理學系一般物理組,英、數A、自然,
國立中興大學,物理學系光電物理組,英、數A、自然,
國立中興大學,應用數學系應用數學組,國、英、數A、自然,
國立中興大學,應用數學系數據科學與計算組,國、英、數A、自然,
國立中興大學,機械工程學系,*國、英、數A、自然,
國立中興大學,土木工程學系,國、英、數A、自然,
國立中興大學,環境工程學系,國、英、數A、自然,
國立中興大學,化學工程學系,*國、英、數A、自然,
國立中興大學,材料科學與工程學系,*國、英、數A、自然,
國立中興大學,智慧創意工程學士學位學程,英、數A、自然,
國立中興大學,電機工程學系,*英、數A、自然,
國立中興大學,資訊工程學系,國、英、數A、*自然,
國立中興大學,電機資訊學院學士班,英、數A、自然,
國立中興大學,生物產業機電工程學系,英、數A、自然,
國立中興大學,水土保持學系,國、英、數A、自然,
國立中興大學,食品暨應用生物科技學系,國、英、數A、自然,
國立中興大學,農藝學系,國、英、數B、自然、英聽,
國立中興大學,園藝學系,國、英、數B、自然、英聽,
國立中興大學,森林學系林學組,國、英、數B、自然,
國立中興大學,森林學系木材科學組,國、英、數B、自然,
國立中興大學,植物病理學系,國、英、數A、自然,
國立中興大學,昆蟲學系,國、英、數A、自然,
國立中興大學,動物科學系,國、英、數A、自然、英聽,
國立中興大學,土壤環境科學系,英、數A、自然,
國立中興大學,生物科技學士學位學程,國、英、數A、自然,
國立中興大學,景觀與遊憩學士學位學程,國、英、數A,
國立中興大學,國際農企業學士學位學程,國、英、數A、自然、英聽,
國立中興大學,生命科學系,英、數A、自然,
國立中興大學,獸醫學系,國、英、數A、自然、英聽,
國立成功大學,中國文學系,,國、英、社
國立成功大學,外國語文學系,,國、英、社、英聽
國立成功大學,歷史學系,,國、英、社
國立成功大學,台灣文學系,,國、英、社、數B
國立成功大學,數學系,,國、英、數A、自
國立成功大學,物理學系,,國、英、數A、自
國立成功大學,化學系,,英、數A、自
國立成功大學,地球科學系,,國、英、數A、自
國立成功大學,光電科學與工程學系,,國、英、數A、自
國立成功大學,機械工程學系,,國、英、數A、自
國立成功大學,機械工程學系(普渡雙聯組),,國、英、數A、自、英聽
國立成功大學,化學工程學系,,國、英、數A、自
國立成功大學,材料科學及工程學系,,國*、英、數A、自
國立成功大學,資源工程學系,,國、英、數A、自
國立成功大學,土木工程學系,,國、英、數A、自
國立成功大學,水利及海洋工程學系,,國、英、數A、自
國立成功大學,工程科學系,,國、英、數A、自
國立成功大學,系統及船舶機電工程學系,,國、英、數A、自
國立成功大學,航空太空工程學系,,國、英、數A、自
國立成功大學,能源工程國際學士學位學程,,國、英、數A、自
國立成功大學,環境工程學系,,國、英、數A、自
國立成功大學,測量及空間資訊學系,,國、英、數A、自
國立成功大學,生物醫學工程學系,,國*、英、數A、自
國立成功大學,工業與資訊管理學系,,國、英、數A
國立成功大學,交通管理科學系,,國、英、數A、自
國立成功大學,統計學系,,國、英、數A
國立成功大學,會計學系,,國、英、數B、社
國立成功大學,企業管理學系,,國、英、數B
國立成功大學,醫學系,,國、英、數A、自
國立成功大學,醫學系(公費生),,國、英、數A、自
國立成功大學,牙醫學系,,國、英、數A、自
國立成功大學,醫學檢驗生物技術學系,,國、英、數A、自
國立成功大學,護理學系,,國、英、數A*、自
國立成功大學,物理治療學系,,國、英、數A、自
國立成功大學,職能治療學系,,國、英、數A、自
國立成功大學,藥學系,,國、英、數A、自
國立成功大學,政治學系,,國、英、數B、數A、社
國立成功大學,經濟學系,,國、英、數A
國立成功大學,法律學系,,國、英、數B、社
國立成功大學,心理學系,,英、數A、社*、自
國立成功大學,電機工程學系,,英、數A、自
國立成功大學,電機工程學系(普渡雙聯組),,英、數A、自、英聽
國立成功大學,資訊工程學系,,英、數A、自
國立成功大學,資訊工程學系(普渡雙聯組),,英、數A、自、英聽
國立成功大學,建築學系,,國、英、數A、自
國立成功大學,都市計劃學系,,國、英、數A
國立成功大學,工業設計學系,,國、英、數A、自
國立成功大學,生命科學系,,國、英、數A、自
國立成功大學,生物科技與產業科學系,,國、英、自
國立成功大學,全校不分系學士學位學程,,國、英、數A
國立宜蘭大學,外國語文學系,國、英、社*,
國立宜蘭大學,應用經濟與管理學系,國、英、數B、社,
國立宜蘭大學,休閒產業與健康促進學系,國、英、數B、社,
國立宜蘭大學,土木工程學系,國*、英、自,
國立宜蘭大學,機械與機電工程學系,國、英、數A、自,
國立宜蘭大學,環境工程學系,國*、英、數A、自,
國立宜蘭大學,生物機電工程學系,國*、英、數A、自,
國立宜蘭大學,食品科學系,國*、英、自,
國立宜蘭大學,生物技術與動物科學系,國、英、自,
國立宜蘭大學,森林暨自然資源學系,國、英、數B、自,
國立宜蘭大學,園藝學系,國、英、自,
國立宜蘭大學,電機工程學系,英、數A、自,
國立宜蘭大學,電子工程學系,國*、英、數A、自,
國立宜蘭大學,資訊工程學系,國*、英、數A、自,
國立宜蘭大學,化學工程與材料工程學系,國*、英*、數A、自,
國立東華大學,應用數學系數學科學組,*國、*英、數A,
國立東華大學,應用數學系統計科學組,*國、*英、數A,
國立東華大學,物理學系物理組,國、英、數A、自,
國立東華大學,物理學系奈米與光電科學組,國、英、數A、自,
國立東華大學,化學系,國、英、數A、自,
國立東華大學,生命科學系,*國、英、數A、自,
國立東華大學,資訊工程學系資工組,英、數A,
國立東華大學,資訊工程學系國際組,英、數A,
國立東華大學,電機工程學系,英、數A、自,
國立東華大學,材料科學與工程學系,國、英、數A、自,
國立東華大學,光電工程學系,國、英、數A、自,
國立東華大學,企業管理學系,*國、英、數B,
國立東華大學,會計學系,*國、英、數B,
國立東華大學,資訊管理學系人工智慧與大數據組,國、英、數A,
國立東華大學,資訊管理學系智慧商務與知識管理組,國、英、數B,
國立東華大學,國際企業學系,國、英、數B,
國立東華大學,財務金融學系,國、英、數B,
國立東華大學,觀光暨休閒遊憩學系,國、英、*數B、社,
國立東華大學,管理學院管理科學與財金國際學士學位學程,國、英、數B,
國立東華大學,華文文學系,國、*英、*社,
國立東華大學,中國語文學系,國、*英、社,
國立東華大學,英美語文學系,國、英、*社,
國立東華大學,臺灣文化學系,*國、*英、社,
國立東華大學,歷史學系,國、英、社,
國立東華大學,經濟學系,英、數B,
國立東華大學,諮商與臨床心理學系,英、數B,
國立東華大學,社會學系,國、*英、社,
國立東華大學,公共行政學系,國、英、社,
國立東華大學,法律學系,國、英、社,
國立東華大學,教育與潛能開發學系,國、英、數B、*社,
國立東華大學,教育行政與管理學系,國、社,
國立東華大學,特殊教育學系,國、英,
國立東華大學,幼兒教育學系,國、英、社,
國立東華大學,族群關係與文化學系,國、英、社,
國立東華大學,民族語言與傳播學系,國、社,
國立東華大學,自然資源與環境學系,英、自,
國立東華大學,縱谷跨域書院學士學位學程,國、英、數B,
國立東華大學,音樂學系甲組,*國、*英、主修、樂理,
國立東華大學,音樂學系乙組,國、*英、實作,
國立東華大學,藝術與設計學系,國、社、素描、創意表現,
國立東華大學,藝術創意產業學系,國、*英,
國立東華大學,體育與運動科學系,國、英、數B、體育,
國立金門大學,應用英語學系,國*、英、社*,
國立金門大學,運動與休閒學系,國、英*、社,
國立金門大學,企業管理學系,國、英、社,
國立金門大學,電子工程學系,國、英*、自,
國立金門大學,食品科學系,英、數A、自,
國立金門大學,土木與工程管理學系,國、英*、自,
國立金門大學,觀光管理學系,國、英*、社,
國立金門大學,資訊工程學系,國、英*、自,
國立金門大學,建築學系,國、英,
國立金門大學,國際暨大陸事務學系,國、英*、社,
國立金門大學,華語文學系,國、英、社,
國立金門大學,海洋與邊境管理學系,國、英*、社*,
國立金門大學,工業工程與管理學系,國、英*,
國立金門大學,護理學系,國、英、自*,
國立金門大學,長期照護學系,國、英*、社,
國立金門大學,社會工作學系,國、英、社,
國立金門大學,都市計畫與景觀學系,國、英、社,
國立政治大學,"中國文學系	",國、英、社、*數B,
國立政治大學,"歷史學系	",國、英、社,
國立政治大學,"哲學系	",國、英、社、數B,
國立政治大學,"教育學系	",國、英、社、數B、英聽,
國立政治大學,"政治學系	",國、英、社、數A、數B,
國立政治大學,"社會學系	",國、英、社、數A、數B,
國立政治大學,"財政學系	",國、英、數A,
國立政治大學,"公共行政學系	",國、英、社、數A、數B,
國立政治大學,"地政學系土地資源規劃組	",國、英、社、數A,
國立政治大學,"地政學系土地管理組	",國、英、社、數A,
國立政治大學,"地政學系土地測量與資訊組	",國、英、數A、自,
國立政治大學,"民族學系	",國、英、社、*數B、英聽,
國立政治大學,"外交學系	",國、英、社、數A、數B,
國立政治大學,"國際經營與貿易學系	",國、英、社、數A,
國立政治大學,"金融學系	",國、英、數A,
國立政治大學,"會計學系	",國、英、數A,
國立政治大學,"統計學系(社會組)	",國、英、社、數A,
國立政治大學,"統計學系(自然組)	",國、英、數A、自,
國立政治大學,"企業管理學系	",國、英、社、數A,
國立政治大學,"資訊管理學系	",國、英、數A,
國立政治大學,"財務管理學系	",國、英、數A,
國立政治大學,"風險管理與保險學系	",國、英、社、數A,
國立政治大學,"傳播學院大一大二不分系(社會組)	",國、英、社、數B,
國立政治大學,"傳播學院大一大二不分系(自然組)	",國、英、數A、自,
國立政治大學,"英國語文學系	",國、英、社、數B、英聽,
國立政治大學,"阿拉伯語文學系	",國、英、社、數B,
國立政治大學,"斯拉夫語文學系	",國、英、社,
國立政治大學,"日本語文學系	",國、英、社,
國立政治大學,"韓國語文學系	",國、英、社、*數B,
國立政治大學,"土耳其語文學系	",國、英、社,
國立政治大學,"歐洲語文學系法文組	",國、英、社,
國立政治大學,"歐洲語文學系德文組	",國、英、社,
國立政治大學,"歐洲語文學系西班牙文組	",國、英、社,
國立政治大學,"東南亞語言與文化學士學位學程越文組	",國、英、社,
國立政治大學,"東南亞語言與文化學士學位學程泰文組	",國、英、社,
國立政治大學,"東南亞語言與文化學士學位學程印尼文組	",國、英、社,
國立政治大學,"法律學系	",國、英、社、數B,
國立政治大學,"應用數學系	",英、數A、*自,
國立政治大學,"心理學系	",國、英、數A、自、英聽,
國立政治大學,"資訊科學系	",國、英、數A、自,
國立政治大學,"資訊科學系(人工智慧組)	",國、英、數A、自,
國立高雄大學,西洋語文學系,國、英、社、英聽,
國立高雄大學,運動健康與休閒學系,國、英、自,
國立高雄大學,東亞語文學系日語組,國、英、社,
國立高雄大學,東亞語文學系韓語組,國、英、社,
國立高雄大學,東亞語文學系越語組,國、英、社,
國立高雄大學,法律學系,國、英、社,
國立高雄大學,政治法律學系,國、英、社,
國立高雄大學,財經法律學系,國、英、數B、社,
國立高雄大學,應用經濟學系,國、英、數B,
國立高雄大學,亞太工商管理學系企業管理組,國、英、數B、社,
國立高雄大學,亞太工商管理學系工業管理組,國、英、數A、自,
國立高雄大學,資訊管理學系,國、英、數B,
國立高雄大學,金融管理學系,國、英、數B、社,
國立高雄大學,應用數學系,國、英、數A、自,
國立高雄大學,應用化學系,英、數A、自,
國立高雄大學,應用物理學系,英、數A、自,
國立高雄大學,生命科學系,國、英、自,
國立高雄大學,電機工程學系,英、數A、自,
國立高雄大學,土木與環境工程學系土木工程組,國、數A、自,
國立高雄大學,土木與環境工程學系環境工程組,國、數A、自,
國立高雄大學,化學工程及材料工程學系,國、英、數A、自,
國立高雄大學,資訊工程學系,英、數A、自,
國立高雄大學,建築學系,國、英、數B,
國立高雄大學,工藝與創意設計學系,國、英、社,
國立高雄師範大學,數學系數學組,英、數A、自,
國立高雄師範大學,數學系應用數學組,英、數A、自,
國立高雄師範大學,化學系,英、數A、自,
國立高雄師範大學,物理學系,*英、數A、自,
國立高雄師範大學,生物科技系,*國、英、*數A、自,
國立高雄師範大學,工業設計學系,國、英,
國立高雄師範大學,電機工程學系,英、數A、自,
國立高雄師範大學,電子工程學系,英、數A、自,
國立高雄師範大學,軟體工程與管理學系,國、英、數A,
國立高雄師範大學,工業科技教育學系科技教育與訓練組,*國、英、數A、自,
國立高雄師範大學,工業科技教育學系能源與冷凍空調組,*國、英、數A、自,
國立高雄師範大學,國文學系,國、英、社,
國立高雄師範大學,英語學系,國、英、數B、社、英聽,
國立高雄師範大學,地理學系,英、數B、社,
國立高雄師範大學,特殊教育學系,國、英、數B,
國立高雄師範大學,事業經營學系,*國、英、數B,
國立高雄師範大學,音樂學系,"國、英、主修、副修、樂理、視唱、聽寫
",
國立高雄師範大學,美術學系,國、英、社、素描、彩繪技法、創意表現、水墨書畫、美術鑑賞,
國立高雄師範大學,視覺設計學系,國、英、素描、彩繪技法、創意表現,
國立高雄師範大學,體育學系,國、英、數B、自、體育,
國立陽明交通大學,電機工程學系(甲組),英、數A、自,
國立陽明交通大學,電機工程學系(乙組),國、英、數A、自,
國立陽明交通大學,光電工程學系,英、數A、自,
國立陽明交通大學,資訊工程學系(甲組),國、英、數A、自,
國立陽明交通大學,資訊工程學系(乙組),國、英、數A、自,
國立陽明交通大學,奈米科學及工程學士學位學程甲組(主修半導體),英、數A、自,
國立陽明交通大學,奈米科學及工程學士學位學程乙組(主修奈米),英、數A、自,
國立陽明交通大學,材料科學與工程學系,國、英、自,
國立陽明交通大學,機械工程學系,國、英、數A、自,
國立陽明交通大學,土木工程學系(甲組),國、英、數A、自,
國立陽明交通大學,土木工程學系(乙組),國、英、數A、自、英聽,
國立陽明交通大學,理學院科學學士學位學程(甲組),國、英、數A、自,
國立陽明交通大學,理學院科學學士學位學程(乙組),國、英、數A、自,
國立陽明交通大學,理學院科學學士學位學程(丙組),國、英、數A、自,
國立陽明交通大學,電子物理學系光電與奈米科學組,國、英、數A、自,
國立陽明交通大學,電子物理學系電子物理組,國、英、數A、自,
國立陽明交通大學,應用化學系,國、英、數A、自,
國立陽明交通大學,應用數學系,英、數A、自,
國立陽明交通大學,生物科技學系(甲組),英、數A、自,
國立陽明交通大學,生物科技學系(乙組),國、英、數A、自,
國立陽明交通大學,資訊管理與財務金融學系資訊管理組,英、數A、自,
國立陽明交通大學,資訊管理與財務金融學系財務金融組,國、英、數A,
國立陽明交通大學,管理科學系,國、英、數A,
國立陽明交通大學,運輸與物流管理學系,國、英、數A、自,
國立陽明交通大學,工業工程與管理學系,國、英、數A、自,
國立陽明交通大學,外國語文學系,國、英、數B、社,
國立陽明交通大學,傳播與科技學系,國、英、數B、社,
國立陽明交通大學,人文社會學系,國、英、社,
國立陽明交通大學,醫學系醫師組,國、英、數A、自,
國立陽明交通大學,醫學系醫師科學家組,國、英、數A、自,
國立陽明交通大學,醫學系醫師工程師組,國、英、數A、自,
國立陽明交通大學,牙醫學系,國、英、數A、自、英聽,
國立陽明交通大學,醫學生物技術暨檢驗學系,英、數A、自、英聽,
國立陽明交通大學,生物醫學影像暨放射科學系,*國、英、數A、自,
國立陽明交通大學,護理學系,國、英、數A、自,
國立陽明交通大學,物理治療暨輔助科技學系,國、英、數A、自,
國立陽明交通大學,生命科學系暨基因體科學研究所(生物醫學科學組),英、數A、自,
國立陽明交通大學,生命科學系暨基因體科學研究所(生醫光電與資訊組),英、數A、自,
國立陽明交通大學,生物醫學工程學系,國、英、數A、自,
國立陽明交通大學,藥學系,國、英、數A、自、英聽,
國立陽明交通大學,學士班大一大二不分系,英、數A、自,
國立彰化師範大學,輔導與諮商學系學校輔導與諮商組,國、英、數B、社,
國立彰化師範大學,輔導與諮商學系社區輔導與諮商組,國、英、數B、社,
國立彰化師範大學,特殊教育學系,國、英、數B、社、英聽,
國立彰化師範大學,數學系,國、英、數B、社、英聽,
國立彰化師範大學,物理學系物理組,國*、英*、數A、自,
國立彰化師範大學,物理學系光電組,國*、英*、數A、自,
國立彰化師範大學,生物學系,國、英、自,
國立彰化師範大學,化學系,國*、英、數A、自,
國立彰化師範大學,英語學系,國、英、社,
國立彰化師範大學,國文學系,國、英、社,
國立彰化師範大學,地理學系,數B、英、社,
國立彰化師範大學,機電工程學系,國、英、數A、自,
國立彰化師範大學,電機工程學系,國、英、數A、自,
國立彰化師範大學,電子工程學系,國、英、數A、自,
國立彰化師範大學,資訊工程學系,國、英、數A、自,
國立彰化師範大學,企業管理學系,國、英、數A、英聽,
國立彰化師範大學,會計學系,國、英、數B、英聽,
國立彰化師範大學,資訊管理學系資訊管理組,國、英、數B,
國立彰化師範大學,"	
資訊管理學系數位內容科技與管理組",國、英、數A,
國立彰化師範大學,公共事務與公民教育學系公民教育組,國、英、數B、社,
國立彰化師範大學,"	
公共事務與公民教育學系公共事務組",國、英、數B、社,
國立彰化師範大學,輔導與諮商學系學校輔導與諮商組(公費生),國、英、數B、社,
國立彰化師範大學,特殊教育學系(公費生),國、英、數B、社、英聽,
國立彰化師範大學,國文學系(公費生),國、英、數B、社、英聽,
國立彰化師範大學,美術學系,國、英、社、素描、彩繪技法、創意表現,
國立彰化師範大學,"	
運動學系競技運動組",國、英、社、自,
國立彰化師範大學,"	
運動學系運動健康組",國、英、社、自,
國立暨南國際大學,中國語文學系,國、社,
國立暨南國際大學,外國語文學系,國、英,
國立暨南國際大學,社會政策與社會工作學系,國、英、社,
國立暨南國際大學,公共行政與政策學系,國、英、數B、社,
國立暨南國際大學,歷史學系,國、社,
國立暨南國際大學,東南亞學系,英、惡,
國立暨南國際大學,國際企業學系,英、社,
國立暨南國際大學,經濟學系,英、數B,
國立暨南國際大學,資訊管理學系,英、數B,
國立暨南國際大學,財務金融學系,英、數B,
國立暨南國際大學,觀光休閒與餐旅管理學系觀光休閒組,國、英,
國立暨南國際大學,觀光休閒與餐旅管理學系餐旅管理組,國、英,
國立暨南國際大學,管理學院學士班,英、數B,
國立暨南國際大學,國際文教與比較教育學系,國、英,
國立暨南國際大學,教育政策與行政學系,國、英,
國立暨南國際大學,諮商心理與人力資源發展學系諮商心理組,英、數、社,
國立暨南國際大學,諮商心理與人力資源發展學系終身學習與人力資源發展組,國、英、數B,
國立暨南國際大學,教育學院學士班,國、英、社,
國立暨南國際大學,資訊工程學系,英、數A,
國立暨南國際大學,土木工程學系,數A、自,
國立暨南國際大學,電機工程學系,國、英、數A、數B、自,
國立暨南國際大學,應用化學系,英、數A、自,
國立暨南國際大學,應用材料及光電工程學系,數A、自,
國立暨南國際大學,科技學院學士班,數A、自,
國立臺中教育大學,教育學系,國、英、數B,
國立臺中教育大學,特殊教育學系,國、英、數B,
國立臺中教育大學,幼兒教育學系,國、英、社、自,
國立臺中教育大學,體育學系非運動專長組,國、英、數B,
國立臺中教育大學,語文教育學系,國、英、數B、社,
國立臺中教育大學,區域與社會發展學系,國、英、數B、社,
國立臺中教育大學,諮商與應用心理學系,國、英、數B,
國立臺中教育大學,臺灣語文學系,國、英、社,
國立臺中教育大學,英語學系,國、英、數B、社、英聽,
國立臺中教育大學,數學教育學系,*國、*英、數A,
國立臺中教育大學,科學教育與應用學系,國、英、數A、自,
國立臺中教育大學,資訊工程學系,國、英、數A、自,
國立臺中教育大學,數位內容科技學系,國、英、數B、自,
國立臺中教育大學,國際企業學系,國、英、數B、*社,
國立臺中教育大學,文化創意產業設計與營運學系,國、英、社,
國立臺中教育大學,音樂學系,*國、*英、主修,
國立臺中教育大學,美術學系,國、*英、*社、素描、彩繪技法、創意表現、水墨書畫,
國立臺中教育大學,體育學系運動專長組,國、英、數B,
國立臺北大學,法律學系法學組,國、英、數B、社,
國立臺北大學,法律學系司法組,國、英、數B、社,
國立臺北大學,法律學系財經法組,國、英、數B、社,
國立臺北大學,企業管理學系,國、英、數A、社,
國立臺北大學,金融與合作經營學系,國、英、數A、社*,
國立臺北大學,會計學系,國、英、數A、社,
國立臺北大學,統計學系,國、英、數A,
國立臺北大學,休閒運動管理學系,國、英、數B、社*,
國立臺北大學,公共行政暨政策學系,國、英、數B*、社,
國立臺北大學,財政學系,國、英、數A、社,
國立臺北大學,不動產與城鄉環境學系甲組,國、英、數B,
國立臺北大學,不動產與城鄉環境學系乙組,英、數B、社,
國立臺北大學,經濟學系,國、英、數A、社,
國立臺北大學,社會學系,英、數B、社,
國立臺北大學,社會工作學系,國、英、數B、社*,
國立臺北大學,中國文學系,國、英、社,
國立臺北大學,應用外語學系,國、英、數B、社,
國立臺北大學,歷史學系,國、英、社,
國立臺北大學,資訊工程學系,英、數A、自,
國立臺北大學,通訊工程學系,英、數A、自,
國立臺北大學,電機工程學系,英、數A、自,
國立臺北教育大學,教育學系,國、英、數B、,
國立臺北教育大學,教育經營與管理學系,國、英、數B、,
國立臺北教育大學,幼兒與家庭教育學系,國、英、數B、社,
國立臺北教育大學,特殊教育學系,國、英、數B、社,
國立臺北教育大學,心理與諮商學系,國、英、數B,
國立臺北教育大學,社會與區域發展學系,國、英、數B、社,
國立臺北教育大學,兒童英語教育學系,國、英、數B,
國立臺北教育大學,兒童與英語教育學系(公費生),國、英、數B,
國立臺北教育大學,語文與創作學系語文師資組,國、英、數B、社,
國立臺北教育大學,語文與創作學系文學創作組,國、英、社,
國立臺北教育大學,文化創意產業經營學系,國、英、數A、數B、社,
國立臺北教育大學,藝術與造型設計學系設計組,國、英、數B,
國立臺北教育大學,數學暨資訊教育學系數學組,國、英、數A,
國立臺北教育大學,數學暨資訊教育學系數學組(公費生),國、英、數A、英聽,
國立臺北教育大學,數學暨資訊教育學系人工智慧與資訊教育組,國、英、數A,
國立臺北教育大學,數學暨資訊教育學系人工智慧與資訊教育組(公費生甲組),國、英、數A,
國立臺北教育大學,數學暨資訊教育學系人工智慧與資訊教育組(公費生乙組),國、英、數A,
國立臺北教育大學,"	
自然科學教育學系",國、英、數A、自、英聽,
國立臺北教育大學,自然科學教育學系(公費生甲組),國、英、數A、自、英聽,
國立臺北教育大學,自然科學教育學系(公費生乙組),國、英、數A、自、英聽,
國立臺北教育大學,自然科學教育學系(公費生丙組),國、英、數A、自、英聽,
國立臺北教育大學,資訊科學系,國、英、數A、自,
國立臺北教育大學,數位科技設計學系,國、英、數B,
國立臺北教育大學,音樂學系,國、英、主修、副修、樂理、聽寫,
國立臺北教育大學,音樂學系(公費生甲組),國、英、主修、副修、樂理、聽寫,
國立臺北教育大學,音樂學系(公費生乙組),國、英、主修、副修、樂理、聽寫,
國立臺北教育大學,"	
藝術與造形設計學系藝術組",國、英、數B、社、素描、彩繪技法、創意表現,
國立臺北教育大學,"	
體育學系",國、英、數B、體育,
國立臺北教育大學,體育學系(雙語教學組),國、英、數B,
國立臺北藝術大學,音樂與影像跨域學士學位學程,國、英、英聽,
國立臺北藝術大學,劇場設計學系,國、英,
國立臺北藝術大學,新媒體藝術學系,國、數A、數B、自,
國立臺東大學,全校不分系學士學位學程,國、社,
國立臺東大學,教育學系,國、*英、*數B、*社,
國立臺東大學,幼兒教育學系,國、*英、*數B,
國立臺東大學,特殊教育學系,國、英、社,
國立臺東大學,文化資源與休閒產業學系,國、*英、社,
國立臺東大學,數位媒體與文教產業學系,國、*英,
國立臺東大學,公共與文化事務學系,國、社,
國立臺東大學,身心整合與運動休閒產業學系,國、英、數B,
國立臺東大學,英美語文學系,國、英、*數B、*社,
國立臺東大學,華語文學系,國、英、*社,
國立臺東大學,生命科學系,自,
國立臺東大學,資訊工程學系,英、數A,
國立臺東大學,資訊管理學系,國、英、數B,
國立臺東大學,應用數學系,*英、數A、*自,
國立臺東大學,應用科學系化學及奈米科學組,*國、*數A、自,
國立臺東大學,應用科學系應用物理組,*數A、自,
國立臺東大學,綠色與資訊科技學士學位學程,*英、*數B、自,
國立臺東大學,音樂學系A組,*國、主修,
國立臺東大學,音樂學系B組,國,
國立臺東大學,美術產業學系,國、素描、彩繪技法、創意表現、水墨書畫、美術鑑賞,
國立臺東大學,體育學系,國、英,
國立臺南藝術大學,藝術史學系,國、英*、社,
國立臺南藝術大學,應用音樂學系,國、英,
國立臺南藝術大學,材質創作與設計系,國*、英*、社*、素描、創意表現,
國立臺灣大學,中國文學系,國、英、數B、社,
國立臺灣大學,外國語文學系,國、英、數A、數B 、社 、英聽,
國立臺灣大學,歷史學系,國、英、數B、社,
國立臺灣大學,哲學系,國、英、數A、數B,
國立臺灣大學,人類學系,國、英、社、數B,
國立臺灣大學,圖書資訊學系,國、英、數A、數B、社,
國立臺灣大學,日本語文學系,國、英、數B、社,
國立臺灣大學,戲劇學系,國、英、數B、社,
國立臺灣大學,數學系,英、數A、自,
國立臺灣大學,物理學系,國、英、數A、自,
國立臺灣大學,化學系,國、英、數A、自,
國立臺灣大學,地質科學系,國、英、數A、自,
國立臺灣大學,心理學系,國、英、數A、自,
國立臺灣大學,地理環境資源學系,英、數A、社,
國立臺灣大學,大氣科學系,國、英、數A、自,
國立臺灣大學,政治學系政治理論組,國、英、數A、社,
國立臺灣大學,政治學系國際關係組,國、英、數A、社,
國立臺灣大學,政治學系公共行政組,國、英、數A、社,
國立臺灣大學,經濟學系A組,英、數A、社、自,
國立臺灣大學,經濟學系B組,英、數A、自,
國立臺灣大學,經濟學系C組,英、數A、社,
國立臺灣大學,社會學系,國、英、數B、社,
國立臺灣大學,社會工作學系,國、英、數B、社,
國立臺灣大學,醫學系,國、英、數A、自,
國立臺灣大學,醫學系(公費生),國、英、數A、自,
國立臺灣大學,牙醫學系,國、英、數A、自,
國立臺灣大學,藥學系,國、英、數A、自,
國立臺灣大學,醫學檢驗暨生物技術學系,國、英、數A、自,
國立臺灣大學,護理學系,國、英、數A、自,
國立臺灣大學,物理治療學系,國、英、數A、自,
國立臺灣大學,職能治療學系,國、英、數A、自,
國立臺灣大學,醫學檢驗暨生物技術學系,國、英、數A、自,
國立臺灣大學,護理學系,國、英、數A、自,
國立臺灣大學,土木工程學系,國、英、數A、自,
國立臺灣大學,機械工程學系,國、英、數A、自,
國立臺灣大學,化學工程學系,國、英、數A、自,
國立臺灣大學,工程科學及海洋工程學系,英、數A、自,
國立臺灣大學,材料科學與工程學系,國、英、數A、自,
國立臺灣大學,醫學工程學系,國、英、數A、自,
國立臺灣大學,農藝學系,國、英、數A、自,
國立臺灣大學,生物環境系統工程學系,國、英、數A、自,
國立臺灣大學,農業化學系,國、英、數A、自,
國立臺灣大學,森林環境暨資源學系,國、英、數A、自,
國立臺灣大學,動物科學技術學系,國、英、數A、自,
國立臺灣大學,農業經濟學系,國、英、數A,
國立臺灣大學,園藝暨景觀學系,國、英、數A、自,
國立臺灣大學,獸醫學系,國、英、數A、自,
國立臺灣大學,生物產業傳播暨發展學系,國、英、數B、社,
國立臺灣大學,生物機電工程學系,國、英、數A、自,
國立臺灣大學,昆蟲學系,國、英、數A、自,
國立臺灣大學,植物病理與微生物學系,國、英、數A、自,
國立臺灣大學,工商管理學系企業管理組,國、英、數A、社,
國立臺灣大學,工商管理學系科技管理組,國、英、數A、自,
國立臺灣大學,會計學系,國、英、數A、,
國立臺灣大學,財務金融學系,國、英、數A、,
國立臺灣大學,國際企業學系,國、英、數A、社,
國立臺灣大學,資訊管理學系,國、英、數A、自,
國立臺灣大學,公共衛生學系,英、數A、自,
國立臺灣大學,電機工程學系,英、數A、自,
國立臺灣大學,資訊工程學系,英、數A、自,
國立臺灣大學,法律學系法學組,國、英、數B、社,
國立臺灣大學,法律學系司法組,國、英、數B、社,
國立臺灣大學,法律學系財經法學組,國、英、數B、社,
國立臺灣大學,生命科學系,國、英、數A、自,
國立臺灣大學,生化科技學系,國、英、數A、自,
國立臺灣大學,國際體育運動事務學士學位學程,國、英、數B,
國立臺灣藝術大學,圖文傳播藝術學系,國、英、社、自,
國立臺灣藝術大學,廣播電視學系,國、英、社,
國立臺灣藝術大學,電影學系,國、英,
國立臺灣藝術大學,戲劇學系,國、英、社、英聽,
國立臺灣藝術大學,音樂學系,國、英、主修、樂理、視唱、聽寫,
國立臺灣藝術大學,中國音樂學系作曲組,*國、*英、副修、樂理、視唱、聽寫,
國立臺灣藝術大學,中國音樂學系聲樂組,*國、*英、副修、樂理、視唱、聽寫,
國立臺灣藝術大學,中國音樂學系管樂組,*國、*英、副修、樂理、視唱、聽寫,
國立臺灣藝術大學,中國音樂學系彈弦組,*國、*英、副修、樂理、視唱、聽寫,
國立臺灣藝術大學,中國音樂學系撥弦組,*國、*英、副修、樂理、視唱、聽寫,
國立臺灣藝術大學,中國音樂學系擦弦組(一)-胡琴,*國、*英、副修、樂理、視唱、聽寫,
國立臺灣藝術大學,中國音樂學系擦弦組(二)-低音擦弦,*國、*英、副修、樂理、視唱、聽寫,
國立臺灣藝術大學,中國音樂學系擊樂組,*國、*英、副修、樂理、視唱、聽寫,
國立臺灣藝術大學,美術學系,國、英、素描、彩繪技法、創意表現、水墨書畫、美術鑑賞,
國立臺灣藝術大學,書畫藝術學系,國、英、社、素描、彩繪技法、水墨書畫,
國立臺灣藝術大學,雕塑學系,*國、*英、*社、素描、彩繪技法、美術鑑賞,
國立臺灣藝術大學,古蹟藝術修護學系,國、英、社、素描、彩繪技法、水墨書畫,
國立臺灣藝術大學,亞太建築空間與文物保存學士學位學程,國、英、素描、彩繪技法,
國立臺灣藝術大學,視覺傳達設計學系,國、英、英聽、素描、彩繪技法、創意表現、美術鑑賞,
國立臺灣藝術大學,工藝設計學系,國、英、社、英聽、素描、創意表現、美術鑑賞,
國立臺灣藝術大學,多媒體動畫藝術學系,國、英、數B、素描、創意表現,
國立臺灣藝術大學,舞蹈學系,國、英,
國立臺灣體育運動大學,體育學系(一般組),國、英、數B,
國立臺灣體育運動大學,休閒運動學系(一般組),國、英、社,
國立臺灣體育運動大學,運動事業管理學系,國、英、社,
國立臺灣體育運動大學,運動健康科學學系,國、英、數A、數B、自,
國立臺灣體育運動大學,運動資訊與傳播學系,國、英、數B、社,
國立臺灣體育運動大學,體育學系(運動專長組),國、英、*數B,
國立臺灣體育運動大學,休閒運動學系(休閒運動組),國、英、社,
國立體育大學,運動保健學系,國、英、數A、自,
國立體育大學,休閒產業經營學系,國、英、數B,
國立體育大學,體育推廣學系(一般組),國、英、數B、社,
國立體育大學,體育推廣學系(拔河組),國、英、社,
國立體育大學,"	
體育推廣學系(啦啦舞組)",國、英、社,
國立體育大學,"	
適應體育學系(圍棋組)",國、英、數B、自,
國立體育大學,"	
適應體育學系(一般組)",國、英、數B、自,
淡江大學,中國文學學系,國、社,
淡江大學,歷史學系,國、社,
淡江大學,資訊與圖書館學系,國、英,
淡江大學,大眾傳播學系,國、英,
淡江大學,資訊傳播學系,國、英、數B、社*,
淡江大學,教育科技學系,國、英、社,
淡江大學,教育與未來設計學系,國、英,
淡江大學,英文學系,英,
淡江大學,英文學系全英文學士班,英,
淡江大學,法國語文學系,國、英,
淡江大學,西班牙語文學系,國、英、社*,
淡江大學,日本語文學系,國、英、社,
淡江大學,俄國語文學系,國、英,
淡江大學,財務金融學系,國、英、數B、社*,
淡江大學,財務金融學系全球財務管理全英語學士班,國、英、數B,
淡江大學,產業機暨學系,國、英、數B,
淡江大學,國際企業學系經貿管理組,國、英、數B,
淡江大學,國際企業學系國際商學全英語組,國、英、數B,
淡江大學,風險管理與保險學系,國、英、數B、社*,
淡江大學,經濟學系,國、英、數B、社*,
淡江大學,會計學系,國、英、數B、社*,
淡江大學,企業管理學系,國、英、數B、社*,
淡江大學,統計學系,國、英、數B,
淡江大學,資訊管理學系,國、英、數B,
淡江大學,運輸管理學系,國、英、數B、社*,
淡江大學,公共行政學系,國、英、社*,
淡江大學,管理科學學系(大數據資料分析應用組),國、英、數B、社*,
淡江大學,管理科學學系(企業經營與行銷流通組),國、英、數B、社*,
淡江大學,外交與國際關係學系全英語學士班,國、英、社,
淡江大學,國際觀光管理學系全英語學士班(海外實習組),英,
淡江大學,國際觀光管理學系全英與學士班(全球跨域組),英、社,
淡江大學,全球政治經濟學系全英語學士班,國、英、社*,
淡江大學,理學院尖端材料科學學士學位學程,英、數A、自,
淡江大學,數學學系數學組,英*、數A、自*,
淡江大學,數學學系資料科學與數理統計組,英*、數A、自*,
淡江大學,化學學系化學與生物化學組,英*、數A*、自,
淡江大學,化學學系材料化學組,英*、數A*、自,
淡江大學,物理學系光電物理組,英、數A、自,
淡江大學,物理學系應用物理組,英、數A、自,
淡江大學,建築學系,國、英、數B、數A,
淡江大學,土木工程學系,國*、英*、數A、自,
淡江大學,資訊工程學系,英*、數A、自*,
淡江大學,資訊工程學系全英語學士班,英、數B,
淡江大學,機械與機電工程學系光電機整合組,國、英、數A、數B、自*,
淡江大學,機械與機電工程學系精密機械組,國、英、數A、數B、自*,
淡江大學,人工智慧學系,國、英、數A、數B、自,
淡江大學,電機工程學系電機資訊組,國、英、數A、數B、自,
淡江大學,電機工程學系電機通訊組,國、英、數A、數B、自,
淡江大學,電機工程學系電機與系統組,國、英、數A、數B、自,
淡江大學,化學工程與材料工程學系,英、數A、自,
淡江大學,航空太空工程學系,英、數A、自,
淡江大學,水資源及環境工程學系水資源工程組,國、數A、自,
淡江大學,水資源及環境工程學系環境工程組,國、數A、自,
淡江大學,德國語文學系,國、英、社,
華梵大學,智慧生活科技學系大數據與管理組,國、*英、*數B,
華梵大學,智慧生活科技學系智慧產品開發組,國、*英、*數B,
華梵大學,智慧生活設計學系空間設計組,國,
華梵大學,智慧生活設計學系創意產品與汽車設計組,國,
華梵大學,攝影與VR設計學系VR與互動媒體組,國,
華梵大學,攝影與VR設計學系攝影與科技藝術組,國,
華梵大學,佛教藝術學系,國,
華梵大學,美術與文創學系文創設計組,國、*英、*社,
華梵大學,美術與文創學系美術創作組,國、英、社、素描、彩繪技法、水墨書畫,
開南大學,企業與創業管理學系,社,
開南大學,國際企業學系,社,
開南大學,商學院國際榮譽學士學位學程,英,
開南大學,國際物流與運輸管理學系,社,
開南大學,空運管理學系,英,
開南大學,觀光與餐飲旅館學系,國,
開南大學,休閒事業管理學系,社,
開南大學,資訊管理學系,國,
開南大學,資訊傳播學系,社,
開南大學,電影與創意媒體學系,社,
開南大學,法律學系,社,
開南大學,應用日語學系,英,
開南大學,應用英語學系,英,
開南大學,保健營養學系,自,
開南大學,健康產業管理學系,英,
慈濟大學,醫學系,國、英、數A、自,
慈濟大學,醫學檢驗生物技術學系,國*、英、數A*、自,
慈濟大學,公共衛生學系,國、英、數A,
慈濟大學,護理學系,國、英、自,
慈濟大學,醫學資訊學系,國、英、數B,
慈濟大學,物理治療學系,英、數A、自、英聽,
慈濟大學,生命科學系,英、數A*、自,
慈濟大學,分子生物暨人類遺傳學系,國*、英*、自,
慈濟大學,傳播學系,國、社,
慈濟大學,兒童發展與家庭教育學系,國、英*、社*,
慈濟大學,社會工作學系,國、英、社,
慈濟大學,人類發展與心理學系,國、英*、社*,
慈濟大學,東方語文學系中文組,國,
慈濟大學,東方語文學系日文組,國,
慈濟大學,英美語文學系,英,
慈濟大學,"	
國際服務產業管理學士學位學程",國*、英,
慈濟大學,"	
醫學系(公費生)",國、英、數A、自,
義守大學,電機工程學系,國、數A,
義守大學,電子工程學系,國、數A,
義守大學,資訊工程學系資訊工程組,國、英、數A,
義守大學,資訊工程學系資訊應用組,國*、英、數B,
義守大學,"	
智慧網路科技學系智慧軟體應用組",國、英*、數B,
義守大學,智慧網路科技學系智慧網通科技組,國、數A、自*,
義守大學,機械與自動化工程學系,國*、英*、數A,
義守大學,化學工程學系,國*、英*、數A,
義守大學,土木工程學系,國*、英*、數A,
義守大學,材料科學與工程學系,國、數A,
義守大學,資料科學與大數據分析學系,國*、英*、數A,
義守大學,生物醫學工程學系,國*、英*、自,
義守大學,智慧科技英語學士學位學程,國*、英*、數A,
義守大學,工業管理學系,國、英,
義守大學,資訊管理學系,國、英*,
義守大學,企業管理學系,國、 英,
義守大學,財務金融管理學系,國、英,
義守大學,會計學系財稅規劃組,國、英,
義守大學,會計學系管理應用組,國、英*、社*,
義守大學,國際商務學系,國*、英,
義守大學,公共政策與管理學系,國*、英*、社,
義守大學,醫務管理學系,國、英、社*,
義守大學,健康管理學系,國、英、社*,
義守大學,餐旅管理學系,國、英、社*,
義守大學,休閒事業管理學系,國、英、社*,
義守大學,觀光學系,國、英、社,
義守大學,廚藝學系,國*、英、社*,
義守大學,國際企業經營學系(國際學院),英,
義守大學,國際財務金融學系(國際學院),英,
義守大學,國際觀光餐旅學系(國際學院),英,
義守大學,"	
國際傳媒與娛樂管理學系(國際學院)",英,
義守大學,應用英語學系,國*、英,
義守大學,應用日語學系,國、英,
義守大學,大眾傳播學系,國、英、社,
義守大學,創意商品設計學系,國、英,
義守大學,"	
電影與電視學系編導製片組",國*、英、社,
義守大學,"	
電影與電視學系影視技術組",國、英,
義守大學,"	
數位多媒體設計學系",國、英、社*,
義守大學,"	
生物科技學系生物醫藥組",英、自,
義守大學,生物科技學系食品生技組,國、英、自,
義守大學,營養學系臨床營養組,國、英、自,
義守大學,營養學系食品營養組,國*、英、社*、自,
義守大學,護理學系,國*、英、自,
義守大學,醫學影像暨放射科學系,國*、英、數A、自,
義守大學,物理治療學系,國*、英、數A*、自,
義守大學,"	
職能治療學系",國*、英、數A*、自,
義守大學,醫學檢驗技術學系,國*、英、數A、數B、自,
義守大學,醫學系(公費生),國、英、數A、自,
實踐大學,食品營養與保健生技學系(臺北校區),國、英、自,
實踐大學,社會工作學系(臺北校區),國、社,
實踐大學,家庭研究與兒童發展學系(臺北校區),國、英、社,
實踐大學,餐飲管理學系廚藝組(臺北校區),國、英,
實踐大學,餐飲管理學系餐旅組(臺北校區),國、英、數B,
實踐大學,服裝設計學系(臺北校區),國、英、數B、社,
實踐大學,媒體傳達設計學系數位3D動畫設計組(臺北校區),國、英、數B,
實踐大學,媒體傳達設計學系創意媒體設計組(臺北校區),國、英、數B,
實踐大學,工業產品設計學系(臺北校區),國、英、數B,
實踐大學,建築設計學系A組(臺北校區),國、英、社,
實踐大學,建築設計學系B組(臺北校區),國、英、自,
實踐大學,會計學系(臺北校區),國、英、社,
實踐大學,國際經營與貿易學系(臺北校區),國、英、社*,
實踐大學,企業管理學系(臺北校區),國、英,
實踐大學,財務金融學系(臺北校區),國、英,
實踐大學,風險管理與保險學系(臺北校區),國、英、社,
實踐大學,應用外語學系(臺北校區),國、英,
實踐大學,資訊科技與管理學系(臺北校區),國、英、社,
實踐大學,國際企業英語學士學位學程(臺北校區),國*、英,
實踐大學,智慧服務管理英語學士學位學程(臺北校區),國*、英,
實踐大學,行銷管理學系創客企劃組(高雄校區),國,
實踐大學,行銷管理學系電商百貨管理組(高雄校區),社,
實踐大學,行銷管理學系數位行銷與市調組(高雄校區),國、數B,
實踐大學,會計暨稅務學系洗錢防制組(高雄校區),國,
實踐大學,會計暨稅務學系企業治理組(高雄校區),英,
實踐大學,會計暨稅務學系財富管理組(高雄校區),自,
實踐大學,會計暨稅務學系會計AI組(高雄校區),數B,
實踐大學,國際貿易學系商務英文組(高雄校區),英,
實踐大學,國際貿易學系外匯金融組(高雄校區),社,
實踐大學,國際貿易學系跨境會展組(高雄校區),國,
實踐大學,國際貿易學系數位電商經營組(高雄校區),自,
實踐大學,國際企業管理學系東南亞商務組(高雄校區),國,
實踐大學,國際企業管理學系日韓商務組(高雄校區),國、英,
實踐大學,國際企業管理學系兩岸工商管理組(高雄校區),社,
實踐大學,國際企業管理學系德國商務組(高雄校區),英,
實踐大學,金融管理學系數位金融組(高雄校區),英,
實踐大學,金融管理學系金融實務組(高雄校區),國,
實踐大學,金融管理學系金融商品組(高雄校區),自,
實踐大學,金融管理學系投資分析組(高雄校區),自,
實踐大學,資訊管理學系人工智慧商務應用組(高雄校區),國,
實踐大學,資訊管理學系智慧商務組(高雄校區),社,
實踐大學,資訊管理學系物聯網應用組高雄校區),自,
實踐大學,資訊科技與通訊學系App設計組(高雄校區),自,
實踐大學,資訊科技與通訊學系智慧機器人組(高雄校區),數B,
實踐大學,資訊科技與通訊學系無人機應用設計組(高雄校區),國、自,
實踐大學,資訊科技與通訊學系人工智慧應用設計組(高雄校區),國、數B,
實踐大學,資訊模擬與設計學系數位3D動畫設計組(高雄校區),社,
實踐大學,資訊模擬與設計學系互動遊戲設計組(高雄校區),國,
實踐大學,資訊模擬與設計學系AR/VR體感科技組(高雄校區),英,
實踐大學,電腦動畫學士學位學程3D組(高雄校區),英,
實踐大學,電腦動畫學士2D3D雙修組(高雄校區),國,
實踐大學,服飾設計與經營學系服裝與配件設計組(高雄校區),社,
實踐大學,服飾設計與經營學系品牌經營與行銷組(高雄校區),國,
實踐大學,時尚設計學系藝術創作設計組(高雄校區),國,
實踐大學,觀光管理學系旅館會展經營組(高雄校區),國,
實踐大學,觀光管理學系旅運事業經營組(高雄校區),英,
實踐大學,觀光管理學系自然旅遊與文創觀光規劃組(高雄校區),數B,
實踐大學,休閒產業管理學系休閒文創規劃組(高雄校區),國,
實踐大學,休閒產業管理學系遊憩運動企劃組(高雄校區),自,
實踐大學,休閒產業管理學系精品咖啡烘焙經營組(高雄校區),社,
實踐大學,應用英語學系(高雄校區),英,
實踐大學,應用英語學系英日雙語組(高雄校區),國,
實踐大學,應用英語學系國際商務組(高雄校區),社,
實踐大學,應用英語學系英語教學組(高雄校區),國、英,
實踐大學,應用中文學系文創設計組(高雄校區),國、社,
實踐大學,應用中文學系劇本創作組(高雄校區),國,
實踐大學,應用中文學系文化傳播組(高雄校區),社,
實踐大學,應用日文學系(高雄校區),國、英,
實踐大學,應用日文學系商務組(高雄校區),國、社,
實踐大學,應用日文學系翻譯組(高雄校區),國,
實踐大學,應用日文學系實習組(高雄校區),社,
實踐大學,音樂學系(臺北校區),主修、樂理,
實踐大學,資訊模擬與設計學系遊戲美術設計組(高雄校區),國,
實踐大學,電腦動畫學士學位2D組(高雄校區),國,
實踐大學,服飾設計與經營學系藝術創作設計組(高雄校區),國,
實踐大學,時尚設計學系整體造型設計組(高雄校區),國,
實踐大學,時尚設計學系視覺影像設計組(高雄校區),國,
實踐大學,觀光管理學系新創旅遊與運動觀光規劃組(高雄校區),國,
臺北市立大學,教育學系,國、英、數B*、社*,
臺北市立大學,特殊教育學系,國、英、社,
臺北市立大學,幼兒教育學系,國、英、社,
臺北市立大學,心理與諮商學系,國、英、數B,
臺北市立大學,學習與媒材設計學系,國、英、數B、社,
臺北市立大學,中國語文學系,國、英、社,
臺北市立大學,英語教學系,國、英、數B、英聽,
臺北市立大學,英語教學系(公費生甲組),國、英、數B、英聽,
臺北市立大學,英語教學系(公費生乙組),國、英、數B、英聽,
臺北市立大學,社會暨公共事務學系,國、英、社,
臺北市立大學,歷史與地理學系,國、英、數B、社,
臺北市立大學,地球環境暨生物資源學系,國、英、數A*、自,
臺北市立大學,應用物理暨化學系電子物理組,英、數A、自,
臺北市立大學,應用物理暨化學系應用化學組,英、數A、自,
臺北市立大學,數學系,英*、數A、自,
臺北市立大學,資訊科學系,國、英、數A,
臺北市立大學,城市發展學系,國、英、社、英聽,
臺北市立大學,都會產業經營與行銷學系,國、英、數B,
臺北市立大學,衛生福利學系,英、數A、自*,
臺北市立大學,音樂學系,國、英、主修、副修、樂理、視唱、聽寫,
臺北市立大學,音樂學系(公費生),國、英、主修、副修、樂理、視唱、聽寫,
臺北市立大學,視覺藝術學系,國、英、素描、彩繪技法、創意表現,
臺北市立大學,體育學系,國、英、體育,
臺北市立大學,休閒體育管理學系,國、社、英聽,
臺北市立大學,運動健康科學系,國、英、自、體育,
中山醫學大學,醫學系,國、英、數A、自,
中山醫學大學,牙醫學系,國、英、數A、自,
中山醫學大學,物理治療學系,國、英、社、自,
中山醫學大學,職能治療學系,國、英、數A、自,
中山醫學大學,語言治療與聽力學系語言治療組,國、英、數A、自,
中山醫學大學,語言治療與聽力學系聽力組,國、英、數A、自,
中山醫學大學,生物醫學科學學系,國、英、數A、數B、自,
中山醫學大學,視光學系,英、自,
中山醫學大學,醫學影像暨放射科學系,國、英、數A、自,
中山醫學大學,心理學系,國、英、數A,
中山醫學大學,營養學系,國、英、自,
中山醫學大學,職業安全衛生學系,國、英、數A、自,
中山醫學大學,醫學應用化學系,國、數A、自,
中山醫學大學,健康產業科技管理學系,英、數A、自,
中山醫學大學,護理學系,國、英、數A、自,
中山醫學大學,醫學檢驗暨生物技術學系,英、自,
中山醫學大學,應用外國語言學系,國、英,
中山醫學大學,公共衛生學系,國、英、數A、自,
中山醫學大學,醫學社會暨社會工作學系,國、英、數B、社,
中山醫學大學,醫學資訊學系,國、英、數A、自,
中山醫學大學,醫療產業科技管理學系,英、數B,
中原大學,應用數學系,英、數A,
中原大學,物理學系物理組,英、數A、自,
中原大學,物理學系光電與材料科學組,英、數A、自,
中原大學,化學系化學組,英、數A、自,
中原大學,化學系材料化學組,英、數A、自,
中原大學,心理學系,國、英、數A、自,
中原大學,生物科技學系,英、自,
中原大學,化學工程學系旅能製程組,英、數A、自,
中原大學,化學工程學系生化工程組,英、數A、自,
中原大學,化學工程學系材料工程組,英、數A、自,
中原大學,土木工程學系,*國、數A,
中原大學,機械工程學系,*國、*英、數A、自,
中原大學,生物醫學工程學系,英、數A、自,
中原大學,環境工程學系,*國、英、*自,
中原大學,電機資訊學院學士班,英、數A,
中原大學,工業與系統工程學系工程組,國、*數A,
中原大學,工業與系統工程學系管理組,國、*英,
中原大學,電子工程學系,英、數A、自,
中原大學,資訊工程學系,*國、英、*數A、*自,
中原大學,電機工程學系,英、數A,
中原大學,中原大學美國威大密爾瓦基分校電機與資訊工程雙學士學位學程,英、數A,
中原大學,電機資訊學院智慧運算與大數據學士班,*國、英、*數A、*自,
中原大學,企業管理學系服務業管理組,國、英,
中原大學,企業管理學系高科技業管理組,國、數B,
中原大學,企業管理學系工商管理組經營管理班,國、英,
中原大學,企業管理學系工商管理組永續發展班,國、社,
中原大學,國際經營與貿易學系,國、英、社,
中原大學,會計學系,國、英、數B、社,
中原大學,資訊管理學系,國、數B、數A,
中原大學,財務金融學系,國、英、數B、社,
中原大學,中原大學與美國天普大學商學管理雙學士學位學程,國、英,
中原大學,財經法律學系,國、英、社,
中原大學,建築學系,*國、英、*數A,
中原大學,室內設計學系,國、英、*社,
中原大學,商業設計學系商業設計組,*國、英,
中原大學,商業設計學系商業設計組乙類,*國、*英、自,
中原大學,地景建築學系,國、英、數A、數B,
中原大學,特殊教育學系,國、英、數B,
中原大學,應用外國語文學系,國、英,
中原大學,應用華語文學系,國、英,
中原大學,商業設計學系產品設計組甲類,彩繪技法、創意表現,
中國醫藥大學,牙醫學系,國、英、數A、自,
中國醫藥大學,醫學系,國、數A、社、自、英聽,
中國醫藥大學,中醫學系甲組,國、英、數A、自,
中國醫藥大學,中醫學系乙組,國、英、數A、自,
中國醫藥大學,藥學系,國、英、數A、自,
中國醫藥大學,護理學系,國、英、自,
中國醫藥大學,醫學檢驗生物技術學系,國、英、自,
中國醫藥大學,營養學系,國、英、自,
中國醫藥大學,物理治療學系,國、*英、數A、自,
中國醫藥大學,生物科技學系,國、英、自,
中國醫藥大學,運動醫學系,國、英、自,
中國醫藥大學,中國藥學暨中藥資源學系,國、英、自,
中國醫藥大學,藥用化妝品學系,英、數A、自,
中國醫藥大學,生物醫學影像暨放射科學學系,英、數B、自,
中國醫藥大學,公共衛生學院大一不分系,國、英、自,
中國醫藥大學,生物醫學工程學系,英、數A、自,
中華大學,電機工程學系,數A,
中華大學,資訊工程學系資訊工程組,數A,
中華大學,資訊工程學系智慧軟體設計組,數A,
中華大學,資訊工程學系資訊應用組,數B,
中華大學,資訊工程學系人工智慧組,數A,
中華大學,機械工程學系智慧自動化組,數A,
中華大學,機械工程學系智慧機械組,數A,
中華大學,機械工程學系航空技術組,數A,
中華大學,光電與材料工程學系（人工智慧應用組）,社,
中華大學,光電與材料工程學系（生醫光電組）,國、自,
中華大學,光電與材料工程學系（材料應用組）,自,
中華大學,工業管理學系（甲組）,國、英、自,
中華大學,工業管理學系（乙組）,國、英、社,
中華大學,資訊管理學系（資訊系統設計組）,英,
中華大學,資訊管理學系（資訊管理應用組）,國,
中華大學,資訊管理學系（智慧商務組）,社,
中華大學,企業管理學系企業管理組,社,
中華大學,企業管理學系智慧運輸與物流組,社,
中華大學,財務管理學系財務金融管理組,英、數B、社,
中華大學,財務管理學系金融資訊管理組,國、數B、社,
中華大學,財務管理學系會計資訊與稅務組,國、英、數B,
中華大學,建築與都市計畫學系（第一類組）,國,
中華大學,建築與都市計畫學系（第二類組）,數A、數B、自,
中華大學,景觀建築學系景觀設計組,國,
中華大學,景觀建築學系產品設計組,國,
中華大學,土木工程學系,數A,
中華大學,行政管理學系,社,
中華大學,應用日語學系（商務觀光組）,社,
中華大學,應用日語學系（語文翻譯組）,國,
中華大學,餐旅管理學系,國,
中華大學,觀光與會展活動學系會展與活動管理組,國,
中華大學,觀光與會展活動學系旅遊與休閒管理組,國,
中華大學,英國西英格蘭大學企業管理雙學士學位學程,英、數B,
中華大學,國際觀光與酒店管理雙學士學位學程,英、英聽,
中華大學,中華大學美國舊金山州立大學資訊管理與決策科學學士學位學程,英,
元智大學,管理學院學士班(主修：企業管理),國、英、數B,
元智大學,管理學院學士班(主修：財務金融),國、英、數B,
元智大學,管理學院學士班(主修：國際企業),國、英、數B,
元智大學,管理學院學士班(主修：會計),國、英、數B,
元智大學,管理學院學士班(英語專班),國、英、數B,
元智大學,應用外語學系,國、英,
元智大學,中國語文學系,國、英、社,
元智大學,社會暨政策科學學系,英、數B、社,
元智大學,人文社會學院英語學士班,國、英,
元智大學,資訊工程學系,國、英、數A、自,
元智大學,資訊工程學系(APCS組),國、英、數A、自、APCS,
元智大學,資訊管理學系,國、英、數B,
元智大學,資訊傳播學系科技組,國、英、數B,
元智大學,資訊傳播學系設計組,國、英、數B,
元智大學,資訊學院英語學士班,國、英、數A,
元智大學,機械工程學系,國、數A、自,
元智大學,化學工程與材料科學學系,國、英、數A、自,
元智大學,工業工程與管理學系,國、英、數A、數B,
元智大學,工程學院英語學士班,國、英、數A、自,
元智大學,電機工程學系(甲組),英、數A、自,
元智大學,電機工程學系(乙組),英、數A、自,
元智大學,電機工程學系(丙組),國、英、數A,
元智大學,電機通訊學院英語學士班,英、數A、自,
元智大學,藝術與設計學系,國、英、數B、素描、創意表現,
玄奘大學,社會工作學系,國,
玄奘大學,應用心理學系,社,
玄奘大學,法律學系,國,
玄奘大學,宗教與文化學系,國,
玄奘大學,大眾傳播學系,國,
玄奘大學,影劇藝術學系,國,
玄奘大學,應用日語學系,國,
玄奘大學,餐旅管理學系,國,
玄奘大學,視覺傳達設計學系,國,
玄奘大學,藝術與創意設計學系,國,
玄奘大學,時尚設計學系,國,
明道大學,企業管理學系,國、數B,
明道大學,餐旅管理學系,國、英、數B,
明道大學,休閒保健學系,國、數B,
明道大學,智慧暨精緻農業學系,國、英,
明道大學,智慧能源工程學系,數A、自,
明道大學,數位設計學系,國,
明道大學,景觀與環境設計學系,國、英、數B,
明道大學,中華文化與傳播學系,國,
明道大學,應用外語學系,國、英,
東吳大學,中國文學系,國、社,
東吳大學,歷史學系,國、英、社,
東吳大學,哲學系,國、英,
東吳大學,政治學系,國、英、社,
東吳大學,社會學系,國、英、社,
東吳大學,社會工作學系,*國、*英、數B、社,
東吳大學,英文學系,國、社,
東吳大學,日本語文學系,國、英、社,
東吳大學,德國文化學系,國、社,
東吳大學,數學系,數A,
東吳大學,物理學系,*英、數A、自,
東吳大學,化學系,數A、自,
東吳大學,微生物學系,英、自,
東吳大學,心理學系,國、英、數A,
東吳大學,法律學系,國、英、數A、數B、社、英聽,
東吳大學,經濟學系,英、數B,
東吳大學,會計學系,國、英、數B,
東吳大學,企業管理學系,英、數B,
東吳大學,國際經營與貿易學系,國、英、數B,
東吳大學,財務工程與精算數學系,*國、英、數B,
東吳大學,資訊管理學系,英、數B,
東吳大學,資料科學系,英、數B,
東吳大學,音樂學系,國、英、主修,
長庚大學,醫學系,國、英、數A、自,
長庚大學,中醫學系,國、英、數A、自,
長庚大學,護理學系,國、英、自,
長庚大學,醫學生物技術暨檢驗學系,英、數A、自,
長庚大學,醫學影像暨放射科學系,英、數A、自,
長庚大學,物理治療學系,國、英、自,
長庚大學,職能治療學系,國、英、數A、自,
長庚大學,生物醫學系,英、數A、自,
長庚大學,呼吸治療學系,英、自,
長庚大學,電機工程學系,國、英、數A、自,
長庚大學,機械工程學系,國、英、數A、自,
長庚大學,化工與材料工程學系,國、英、數A、自,
長庚大學,電子工程學系,國、英、數A、自,
長庚大學,資訊工程學系,英、數A、自,
長庚大學,人工智慧學士學位學程,英、數A、自,
長庚大學,生物醫學工程學系,英、數A、自,
長庚大學,醫務管理學系,國、英、數B,
長庚大學,工商管理學系數智商務組,國、英、數A,
長庚大學,工商管理學系工業管理組,英、數A,
長庚大學,工業設計學系,國、英、數A、數B,
長庚大學,資訊管理學系數位金融科技組,國、英、數A,
長庚大學,資訊管理學系數據分析與創新組,國、英、數A、數B,
長榮大學,企業管理學系行銷組,國、英、社,
長榮大學,企業管理學系數位經營組,國、英、社,
長榮大學,企業管理學系產學合作組,國、英、社,
長榮大學,企業管理學系創新應用組,國、英、社,
長榮大學,國際企業學系跨境行銷組,國、英,
長榮大學,國際企業學系貿易物流組,國,
長榮大學,國際企業學系商務管理組,國、社,
長榮大學,會計資訊學系會計應用組,國、數B、社,
長榮大學,會計資訊學系稅務應用組,國、社,
長榮大學,航運管理學系,國、英、數B、社,
長榮大學,土地管理與開發學系土地管理組,國、社,
長榮大學,土地管理與開發學系開發規劃組,國、社,
長榮大學,財務金融學系金融科技組,國、英、數B,
長榮大學,財務金融學系投資資訊組,國、英、數B、社,
長榮大學,財務金融學系金融理財組,國、數B、社,
長榮大學,財務金融學系產業實習組,國、數B、社,
長榮大學,觀光與餐飲管理學系觀光旅遊組,國、英、社,
長榮大學,觀光與餐飲管理學系餐飲技術組,國、英、社,
長榮大學,觀光與餐飲管理學系餐飲管理組,國、英、社,
長榮大學,醫務管理學系醫療機構管理組,國、英、數B、社,
長榮大學,醫務管理學系長照機構管理組,國、英、數B、社,
長榮大學,醫務管理學系健康大數據組,國、英、數B,
長榮大學,生物科技學系生醫產業組,國、英,
長榮大學,生物科技學系生物檢測組,國、英、自,
長榮大學,生物科技學系生物醫學組,國、自,
長榮大學,健康心理學系,國、英、數B,
長榮大學,保健營養學系,國、自,
長榮大學,護理學系A組,國、社,
長榮大學,護理學系B組,國、自,
長榮大學,護理學系C組,國、英,
長榮大學,醫藥科學產業學系醫藥產業組,國、自,
長榮大學,醫藥科學產業學系藥物科技組,國、英、自,
長榮大學,醫藥科學產業學系醫學科學組,國、英、自,
長榮大學,醫學社會暨健康照護學士學位學程,國、英、社,
長榮大學,蘭花產業應用學士學位學程,國,
長榮大學,職業安全與衛生學系職業安全衛生管理組,國、英、社,
長榮大學,職業安全與衛生學系職場健康促進管理組,國、英、社,
長榮大學,職業安全與衛生學系職業安全組,國、自,
長榮大學,職業安全與衛生學系職業衛生組,國、英,
長榮大學,食品安全衛生與檢驗學士學位學程食品安全管理組,國、英、社,
長榮大學,食品安全衛生與檢驗學士學位學程環境檢驗組,國、自,
長榮大學,食品安全衛生與檢驗學士學位學程食品檢驗組,國、英、自,
長榮大學,消防安全學士學位學程消防實務管理組,國、社,
長榮大學,消防安全學士學位學程火場鑑識組,國、自,
長榮大學,消防安全學士學位學程消防防災技術組,國、英,
長榮大學,綠能與環境資源學系綠能產業管理組,國、英、社,
長榮大學,能與環境資源學系綠能產業實務組,國、英、社,
長榮大學,綠能與環境資源學系綠能環境科技組,國、自,
長榮大學,無人機應用學士學位學程,國、英、數B,
長榮大學,大眾傳播學系A組,國、英,
長榮大學,大眾傳播學系B組,國、英、社,
長榮大學,大眾傳播學系C組,國、社,
長榮大學,翻譯學系A組,國、英,
長榮大學,翻譯學系B組,英、社,
長榮大學,社會工作學系A組,國、英、社,
長榮大學,社會工作學系B組,國、英、社,
長榮大學,社會工作學系C組,國、社,
長榮大學,社會工作學系D組,國、英、社,
長榮大學,應用日語學系語文翻譯組,國,
長榮大學,應用日語學系觀光經貿組,國、社,
長榮大學,應用哲學系公共參與組,國、社,
長榮大學,應用哲學系社會關懷組,社,
長榮大學,東南亞文化與產業學士學位學程產業與商貿組,社,
長榮大學,東南亞文化與產業學士學位學程觀光與旅遊組,國,
長榮大學,東南亞文化與產業學士學位學程關懷與服務組,國、社,
長榮大學,資訊暨設計學院學士班(不分系),國、數B,
長榮大學,資訊暨設計學院學士班數位媒體設計組,國、數B、社,
長榮大學,資訊暨設計學院學士班互動設計組,國、數B,
長榮大學,資訊暨設計學院學士班資訊管理組,國、英、數B,
長榮大學,資訊暨設計學院學士班資訊工程組,國、英、數B,
長榮大學,資訊暨設計學院學士班(APCS組),國、英、數B、APCS,
長榮大學,美術學系藝術創作組,國,
長榮大學,美術學系應用藝術組,國、社,
長榮大學,書畫藝術學系甲組,國、素描,
長榮大學,書畫藝術學系乙組,國、社,
長榮大學,台灣文化創意產業學士學位學程,國,
長榮大學,運動競技學系,國、社,
南華大學,財務金融學系,國、數B,
南華大學,企業管理學系經營管理組,國、社,
南華大學,企業管理學系行銷與創業組,國、社,
南華大學,文化創意事業管理學系,國、社,
南華大學,旅遊管理學系,國,
南華大學,管理學院國際企業學士學位學程,國、英,
南華大學,生死學系社會工作組,國、社,
南華大學,生死學系殯葬服務組,國、社,
南華大學,生死學系諮商組,國、社,
南華大學,幼兒教育學系,國,
南華大學,文學系,國,
南華大學,外國語文學系,國、英,
南華大學,應用社會學系社會學組,國、社,
南華大學,應用社會學系社會工作組,國、社,
南華大學,傳播學系廣告公關新聞組,社,
南華大學,傳播學系數位影音製作組,國,
南華大學,傳播學系影劇表演藝術組,國、社,
南華大學,國際事務與企業學系,社,
南華大學,國際事務與企業學系外交與國際事務組,國、社,
南華大學,國際事務與企業學系公共事務與管理組,國,
南華大學,視覺藝術與設計學系繪畫文創組,國,
南華大學,視覺藝術與設計學系數位設計組,社,
南華大學,民族音樂學系展演創作組,國,
南華大學,民族音樂學系藝術管理組,社,
南華大學,建築與景觀學系社會組,國、社,
南華大學,建築與景觀學系自然組,國、自,
南華大學,產品與室內設計學系,國,
南華大學,資訊工程學系社會組,國、數A、數B、社,
南華大學,資訊工程學系自然組,國、數A、數B、自,
南華大學,資訊工程學系人工智慧組,國、英、數A、數B、自,
南華大學,資訊工程學系生醫資電組,數A、數B、自,
南華大學,自然生物科技學系,自,
南華大學,自然生物科技學系生技療癒組,社,
南華大學,自然生物科技學系產品研發組,國,
南華大學,資訊管理學系,國、社,
國立屏東大學,教育學系,國、英、數B,
國立屏東大學,幼兒教育學系,國、英、數B、社,
國立屏東大學,特殊教育學系,國、英、數B、社,
國立屏東大學,教育心理與輔導學系,國、英、數B、社,
國立屏東大學,中國語文學系,國、英、社,
國立屏東大學,文化創意產業學系,國、英、社,
國立屏東大學,社會發展學系,國、英、社,
國立屏東大學,英語學系,國、英、社,
國立屏東大學,應用英語學系,國、英、社、英聽,
國立屏東大學,應用日語學系,國、英、社,
國立屏東大學,視覺藝術學系數位媒體設計組,國、英,
國立屏東大學,商業自動化與管理學系,國、英、數B、社,
國立屏東大學,行銷與流通管理學系,國、英、數B、社,
國立屏東大學,休閒事業經營學系,國、英、數B,
國立屏東大學,不動產經營學系,國、社,
國立屏東大學,企業管理學系,國、英、數B、社,
國立屏東大學,國際經營與貿易學系,國、英、數B、社,
國立屏東大學,財務金融學系,國、英、數B、社,
國立屏東大學,會計學系,國、英、數B,
國立屏東大學,大數據商務應用學士學位學程,國、英、數B、社,
國立屏東大學,應用化學系,國、英、數A、自,
國立屏東大學,應用數學系,數A、自,
國立屏東大學,應用物理系物理組,英、數A、自,
國立屏東大學,應用物理系光電暨材料組,英、數A、自,
國立屏東大學,科學傳播學系,英、自,
國立屏東大學,電腦科學與人工智慧學系,國、英、數A,
國立屏東大學,智慧機器人學系,英、數A、自,
國立屏東大學,智慧機器人學系,英、數A、自,
國立屏東大學,資訊工程學系,國、英、數A,
國立屏東大學,電腦與通訊學系,國、英、數A,
國立屏東大學,資訊管理學系,國、英、數B,
國立屏東大學,音樂學系,國、英、主修,
國立屏東大學,視覺藝術學系美術組,國、英、素描、彩繪技法,
國立屏東大學,體育學系,國、英、數B、自,
國立嘉義大學,教育學系,國、英、數B、社,
國立嘉義大學,輔導與諮商學系,國、英、數B、社,
國立嘉義大學,特殊教育學系,國、英、數B、社,
國立嘉義大學,幼兒教育學系,國、英、數B、社,
國立嘉義大學,數位學習設計與管理學系,國、英、數B,
國立嘉義大學,中國文學系,國、英、社,
國立嘉義大學,應用歷史學系,國、英、社,
國立嘉義大學,外國語言學系英語教學組,國、英、社,
國立嘉義大學,外國語言學系應用外語組,國、英、社,
國立嘉義大學,企業管理學系,國、英、數B、社,
國立嘉義大學,應用經濟學系,國、英、數B,
國立嘉義大學,科技管理學系,國、英、數B,
國立嘉義大學,資訊管理學系,國、英、數B,
國立嘉義大學,行銷與觀光管理學系,國、英、數B,
國立嘉義大學,財務金融學系,國、英、數B,
國立嘉義大學,農藝學系,國、英、數A、自,
國立嘉義大學,園藝學系,國、英、數A、自,
國立嘉義大學,森林暨自然資源學系,國、英、數A、自,
國立嘉義大學,木質材料與設計學系,國、英、數A、自,
國立嘉義大學,動物科學系,國、英、數A、自,
國立嘉義大學,生物農業科技學系,國、英、自,
國立嘉義大學,景觀學系,國、數B、社、自,
國立嘉義大學,植物醫學系,國、英、數A、自,
國立嘉義大學,電子物理學系,國、英、數A、自,
國立嘉義大學,應用化學系,國、英、數A、自,
國立嘉義大學,應用數學系,國、英、數A、自,
國立嘉義大學,資訊工程學系,國、英、數A,
國立嘉義大學,資訊工程學系(APCS組),英、數A、APCS,
國立嘉義大學,生物機電工程學系,英、數A、自,
國立嘉義大學,土木與水資源工程學系,英、數A、自,
國立嘉義大學,電機工程學系,國、英、數A、自,
國立嘉義大學,機械與能源工程學系,國、英、數A、自,
國立嘉義大學,食品科學系,英、數A、自,
國立嘉義大學,水生生物科學系,國、英、數A、自,
國立嘉義大學,生物資源學系,國、英、數A、自,
國立嘉義大學,生化科技學系,國、英、自,
國立嘉義大學,微生物免疫與生物藥學系,國、英、自,
國立嘉義大學,獸醫學系,國、英、數A、自,
國立嘉義大學,音樂學系,國、英、主修、樂理、聽寫,
國立嘉義大學,視覺藝術學系,國、英、社、素描、彩繪技法,
國立嘉義大學,體育與健康休閒學系,國、英、數B,
國立臺南大學,教育學系,國、英,
國立臺南大學,諮商與輔導學系,國、英、數B、社,
國立臺南大學,特殊教育學系,國、英、數B、社,
國立臺南大學,幼兒教育學系,國、英、數B、社,
國立臺南大學,文化與自然資源學系,國、英、數B、社,
國立臺南大學,國語文學系,國、英、社,
國立臺南大學,英語學系,國、英、數B、社,
國立臺南大學,應用數學系,英、數A、自,
國立臺南大學,數位學習科技學系,國、英、數A、自,
國立臺南大學,材料科學系,英、數A、自,
國立臺南大學,資訊工程學系,國、英、數A,
國立臺南大學,資訊工程學系(APCS組),國、英、數A、APCS,
國立臺南大學,電機工程學系,英、數A、自,
國立臺南大學,綠色能源科技學系,國、英、數A,
國立臺南大學,生物科技學系,國、英、數A、自,
國立臺南大學,生態暨環境資源學系,國、英、數A,
國立臺南大學,戲劇創作與應用學系,國、英、社,
國立臺南大學,行政管理學系,國、英、數B、社,
國立臺南大學,經營與管理學系,國、英、數B,
國立臺南大學,音樂學系,國、英、主修、樂理、視唱、聽寫,
國立臺南大學,視覺藝術與設計學系,國、英、素描、彩繪技法、創意表現,
國立臺南大學,體育學系,國、英、數B、體育百分等級,
國立臺灣師範大學,"教育學系	",國、英、數B、社,
國立臺灣師範大學,教育心理與輔導學系,國、英、數B、社,
國立臺灣師範大學,"社會教育學系	",國、英、數B、社,
國立臺灣師範大學,"健康促進與衛生教育學系	",國、英,
國立臺灣師範大學,"人類發展與家庭學系家庭生活教育組	",國、英、*數B、*社,
國立臺灣師範大學,"人類發展與家庭學系幼兒發展與教育組	",國、英、*數B、*社,
國立臺灣師範大學,公民教育與活動領導學系,國、英、數B、社,
國立臺灣師範大學,"特殊教育學系	",國、英,
國立臺灣師範大學,"學習科學學士學位學程	",國、英、數B,
國立臺灣師範大學,"教育學院學士班	",國、英、數B、社,
國立臺灣師範大學,"國文學系	",國、英、社,
國立臺灣師範大學,"英語學系	",國、英、*數B、*社、英聽,
國立臺灣師範大學,"歷史學系	",國、英、社,
國立臺灣師範大學,"地理學系	",國、英、數B、社、英聽,
國立臺灣師範大學,"台灣語文學系	",國、英、社,
國立臺灣師範大學,"數學系	",英、數A、自,
國立臺灣師範大學,"物理學系	",*數、自,
國立臺灣師範大學,"化學系	",英、數A、自,
國立臺灣師範大學,"生命科學系	",國、英、數A、*自,
國立臺灣師範大學,"地球科學系	",*英、數A、自,
國立臺灣師範大學,"資訊工程學系	",國、英、數A、自,
國立臺灣師範大學,"營養科學學士學位學程	",*國、英、*數A、自,
國立臺灣師範大學,"科技應用與人力資源發展學系	",英、數B、自,
國立臺灣師範大學,"圖文傳播學系	",國、英、數A,
國立臺灣師範大學,"機電工程學系	",國、英、數A、自,
國立臺灣師範大學,"電機工程學系	",國、英、數A、自,
國立臺灣師範大學,"光電工程學士學位學程	",國、英、數A、自,
國立臺灣師範大學,"華語文教學系應用華語文學組	",國、英,
國立臺灣師範大學,"東亞學系	",國、英'、數B、社,
國立臺灣師範大學,"企業管理學系	",國、英'、數B,
國立臺灣師範大學,"設計學系產品設計組	",國、英、數A、自,
國立臺灣師範大學,"音樂學系	",國、英、主修,
國立臺灣師範大學,"表演藝術學士學位學程	",國、英,
國立臺灣師範大學,"設計學系視覺設計組	",國、英、數A、*社、素描、彩繪技法、創意表現,
國立臺灣師範大學,"美術學系繪畫組	",*國、*英、*社、彩繪技法、素描,
國立臺灣師範大學,"美術學系水墨畫組	",*國、*英、*社、彩繪技法、素描、水墨書畫,
國立臺灣師範大學,"體育與運動科學系	",國、英'、社、自、體育百分等級,
國立臺灣海洋大學,商船學系,英、數A,
國立臺灣海洋大學,航運管理學系,國、英、數B、社,
國立臺灣海洋大學,運輸科學系A組,國、英、數B、社,
國立臺灣海洋大學,運輸科學系B組,國、英、數A、自,
國立臺灣海洋大學,輪機工程學系,國、英、數A、自,
國立臺灣海洋大學,食品科學系,國、英、數A、自,
國立臺灣海洋大學,水產養殖學系,國、英、數A、自,
國立臺灣海洋大學,生命科學暨生物科技學系,國、英、數A、自,
國立臺灣海洋大學,系統工程暨造船學系,英、數A、自,
國立臺灣海洋大學,河海工程學系,國、英、數A、自,
國立臺灣海洋大學,機械與機電工程學系,國、英、數A、自,
國立臺灣海洋大學,海洋環境資訊系,英、數A、自,
國立臺灣海洋大學,環境生物與漁業科學學系,國、英、數A、自,
國立臺灣海洋大學,電機工程學系,國、英、數A、自,
國立臺灣海洋大學,資訊工程學系,英、數A、自,
國立臺灣海洋大學,資訊工程學系(APCS組),英、數A、APCS,
國立臺灣海洋大學,通訊與導航工程學系,國、英、數A、自,
國立臺灣海洋大學,光電與材料科技學系,國、英、數A、自,
國立臺灣海洋大學,海洋觀光管理學士學位學程,國、英、數B、社,
國立臺灣海洋大學,海洋法政學士學位學程,國、英、數B,
國立臺灣海洋大學,海洋文創設計產業學士學位學程,國、英、數B、社,
國立臺灣海洋大學,海洋經營管理學士學位學程,國、英、數B、社,
國立臺灣海洋大學,海洋工程科技學士學位學程,國、英、數A、自,
國立臺灣海洋大學,海洋生物科技學士學位學程,國、英、數A、自,
國立聯合大學,機械工程學系,國、英、數A,
國立聯合大學,化學工程學系,英、數A、自,
國立聯合大學,土木與防災工程學系,國、英、數A、自,
國立聯合大學,材料科學工程學系,國、英、數A、自,
國立聯合大學,環境與安全衛生工程學系,國、英、數A、自,
國立聯合大學,能源工程學系,英、數A、自,
國立聯合大學,建築學系,國、英、數A,
國立聯合大學,工業設計學系,國、英、數B,
國立聯合大學,電機工程學系,國、英、數A、自,
國立聯合大學,電子工程學系,國、數A、自,
國立聯合大學,光電工程學系,國、英、數A、自,
國立聯合大學,資訊工程學系,英、數A,
國立聯合大學,資訊工程學系(APCS組),英、數A、APCS,
國立聯合大學,經營管理學系,國、英、數B,
國立聯合大學,資訊管理學系,國、英、數B,
國立聯合大學,資訊管理學系(APCS組),國、英、數B、APCS,
國立聯合大學,財務金融學系,國、英、數B、社,
國立聯合大學,臺灣語文與傳播學系,國、英,
國立聯合大學,華語文學系,國、英,
國立聯合大學,文化觀光產業學系,國、英、社,
國立聯合大學,文化創意與數位行銷學系,國、英、社,
康寧大學,嬰幼兒保育學系(台北校區),國、英、社,
康寧大學,長期照護學系(台北校區),國、英、社,
逢甲大學,機械與電腦輔助工程學系,國、英、數A、自,
逢甲大學,纖維與複合材料學系,國、英、數A、自,
逢甲大學,工業工程與系統管理學系A組,國、英、數A,
逢甲大學,工業工程與系統管理學系B組,國、英、數B,
逢甲大學,化學工程學系,國、英、數A、自,
逢甲大學,航太與系統工程學系,國、英、數A、自,
逢甲大學,精密系統設計學士學位學程,國、英、數A,
逢甲大學,應用數學系A組,國、英、數A,
逢甲大學,應用數學系B組,國、英、數B,
逢甲大學,材料科學與工程學系,國、英、數A、自,
逢甲大學,環境工程與科學學系,國、英、數A、自,
逢甲大學,光電科學與工程學系,國、英、數A、自,
逢甲大學,會計學系,國、英、數B、社,
逢甲大學,國際經營與貿易學系,國、英、數B、社,
逢甲大學,國際企業管理全英語學士學位學程,國、英、數B、社、英聽,
逢甲大學,財稅學系,國、英、數B、社,
逢甲大學,合作經濟暨社會事業經營學系,國、英、數B、社,
逢甲大學,統計學系商業大數據組,國、英、數B,
逢甲大學,統計學系大數據分析與市場決策組,國、英、數B,
逢甲大學,經濟學系,國、英、數B,
逢甲大學,企業管理學系,國、英、數B、社,
逢甲大學,行銷學系,國、英、數B,
逢甲大學,中國文學系,國、英、社,
逢甲大學,外國語文學系,國、英、社,
逢甲大學,資訊工程學系甲組,國、英、數A,
逢甲大學,資訊工程學系乙組,國、英、數B,
逢甲大學,資訊工程學系(APCS組),國、英、數A、APCS,
逢甲大學,電子工程學系甲組,國、英、數A、自,
逢甲大學,電子工程學系乙組,國、英、數B、自,
逢甲大學,電機工程學系甲組,國、英、數A、自,
逢甲大學,電機工程學系乙組,國、英、數B、自,
逢甲大學,自動控制工程學系甲組,國、英、數A、自,
逢甲大學,自動控制工程學系乙組,國、英、數B、自,
逢甲大學,資訊電機學院學士班甲組,英、數A、自,
逢甲大學,資訊電機學院學士班乙組,英、數B、自,
逢甲大學,通訊工程學系甲組,國、英、數A,
逢甲大學,通訊工程學系乙組,國、英、數B,
逢甲大學,土木工程學系,國、英、數A、自,
逢甲大學,水利工程與資源保育學系,國、英、數A,
逢甲大學,都市計畫與空間資訊學系,國、英、社,
逢甲大學,運輸與物流學系,國、英、數B,
逢甲大學,土地管理學系,國、英、社,
逢甲大學,財務金融學系,國、英、數B,
逢甲大學,風險管理與保險學系,國、英、數B、社,
逢甲大學,財務工程與精算學士學位學程,國、英、數B,
逢甲大學,建築專業學院學士班,國、英、數A,
逢甲大學,澳洲墨爾本皇家理工大學商學與創新雙學士學位學程,英、數B,
逢甲大學,澳洲昆士蘭大學商學雙學士學位學程,英、數B,
逢甲大學,美國普渡大學電機資訊雙學士學位學程,英、數A,
逢甲大學,美國加州聖荷西州立大學商學大數據分析雙學士學位學程,英、數B,
逢甲大學,美國加州聖荷西州立大學電機工程雙學士學位學程,英、數A,
逢甲大學,美國加州舊金山州立大學資訊工程雙學士學位學程,英、數A,
逢甲大學,人工智慧技術與應用學士學位學程,國、英、數A,
臺北基督學院,基督教博雅學系,國,
臺北醫學大學,醫學系,國、英、數A、自,
臺北醫學大學,醫學系,國、英、數A、自,
臺北醫學大學,藥學系藥學組,國、英、數A、自,
臺北醫學大學,藥學系藥學組(英語組),國、英、數A、自、英聽,
臺北醫學大學,藥學系臨床藥學組,國、英、數A、自,
臺北醫學大學,醫學檢驗暨生物技術學系,英、數A、自,
臺北醫學大學,護理學系,國、英、數A、自,
臺北醫學大學,保健營養學系,國、英、數A、自,
臺北醫學大學,公共衛生學系,國、英、數A、自,
臺北醫學大學,醫務管理學系,國、英、數B,
臺北醫學大學,呼吸治療學系,國、英、數A、自,
臺北醫學大學,高齡健康暨長期照護學系,國、英、數B、自,
臺北醫學大學,牙體技術學系,國、英、數B、自,
臺北醫學大學,口腔衛生學系,國、英、數A、自,
臺北醫學大學,生物醫學工程學系,國、英、數A、自,
臺北醫學大學,食品安全學系,國、英、數A、自,
銘傳大學,企業管理學系品牌行銷組（臺北校區）,國、英、社,
銘傳大學,企業管理學系企業管理組（臺北校區）,國、英、數B、社,
銘傳大學,企業管理學系數位經營組（臺北校區）,國、數B、社,
銘傳大學,會計學系會計審計組（臺北校區）,國、英、數B、社,
銘傳大學,會計學系稅務規劃組（臺北校區）,國、英、社,
銘傳大學,財務金融學系國際金融管理組（臺北校區）,國、英、數B,
銘傳大學,財務金融學系財務金融組（臺北校區）,國、英、數B,
銘傳大學,風險管理與保險學系保險金融與行銷組（臺北校區）,國、社,
銘傳大學,風險管理與保險學系風險管理組（臺北校區）,國、數B、社,
銘傳大學,國際企業學系跨境電商經營組（臺北校區）,國、英、數B、社,
銘傳大學,國際企業學系外貿行銷管理組（臺北校區）,國、英、數B、社,
銘傳大學,新媒體暨傳播管理學系（臺北校區）,國、英、數B,
銘傳大學,廣播電視學系（臺北校區）,國、社,
銘傳大學,廣告暨策略行銷學系（臺北校區）,國、英、社,
銘傳大學,新聞學系（臺北校區）,國、英,
銘傳大學,法律學系（臺北校區）,國、英、社,
銘傳大學,財金法律學系（臺北校區）,國、英、社,
銘傳大學,國際企業與貿易學士學位學程（全英語授課．臺北校區）,英、數B、社,
銘傳大學,新聞與大眾傳播學士學位學程（全英語授課．臺北校區）,國、英、社,
銘傳大學,時尚與創新管理學士學位學程（全英語授課．臺北校區）,英,
銘傳大學,國際事務與外交學士學位學程（全英語授課．桃園校區）,國、英、社,
銘傳大學,資訊科技應用與管理學士學位學程（全英語授課．桃園校區）,國、英,
銘傳大學,應用中國文學系文教組（桃園校區）,國、社,
銘傳大學,應用中國文學系文創組（桃園校區）,國、社,
銘傳大學,應用英語學系英語教學與雙語教育組（桃園校區）,國、英、社,
銘傳大學,應用英語學系英語商務組（桃園校區）,國、英、社,
銘傳大學,應用日語學系（桃園校區）,國、英、社,
銘傳大學,華語文教學學系應用語言組（桃園校區）,國、英、社,
銘傳大學,華語文教學學系雙語教學組（桃園校區）,國、英、社,
銘傳大學,商業設計學系（桃園校區）,英、社,
銘傳大學,商品設計學系（桃園校區）,國、英、社,
銘傳大學,數位媒體設計學系（桃園校區）,國、英、社,
銘傳大學,建築學系（桃園校區）,國、英、社,
銘傳大學,都市規劃與防災學系（桃園校區）,國、英、社,
銘傳大學,動漫文創設計學士學位學程（桃園校區）,國、英、社,
銘傳大學,觀光事業學系（桃園校區）,國、英、社,
銘傳大學,休閒遊憩管理學系（桃園校區）,國、英、社,
銘傳大學,餐旅管理學系（桃園校區）,國、英、社,
銘傳大學,犯罪防治學系（桃園校區）,國、英、社,
銘傳大學,公共事務與行政管理學系（桃園校區）,國、英、社,
銘傳大學,諮商與工商心理學系（桃園校區）,國、英、數B、社,
銘傳大學,應用統計與資料科學學系應用統計組（桃園校區）,國、數B,
銘傳大學,應用統計與資料科學學系大數據管理組（桃園校區）,國、社,
銘傳大學,經濟與金融學系金融理財組（桃園校區）,國、英、社,
銘傳大學,經濟與金融學系產業經濟組（桃園校區）,國、英、社,
銘傳大學,金融科技應用學士學位學程（桃園校區）,國、社,
銘傳大學,資訊管理學系雲端技術管理組（桃園校區）,國、英,
銘傳大學,資訊管理學系巨量資料管理組（桃園校區）,國、數B,
銘傳大學,資訊管理學系電子商務管理組（桃園校區）,國、社,
銘傳大學,資訊傳播工程學系互動媒體科技組（桃園校區）,國、英,
銘傳大學,資訊傳播工程學系人工智慧應用組（桃園校區）,國、英,
銘傳大學,資訊傳播工程學系（APCS組．桃園校區）,國、數B、APCS,
銘傳大學,電子工程學系半導體光電組（桃園校區）,國、數A,
銘傳大學,電子工程學系計算機應用組（桃園校區）,國、英、數A、數B,
銘傳大學,電腦與通訊工程學系（桃園校區）,國、英、數B,
銘傳大學,電腦與通訊工程學系（APCS組．桃園校區）,國、數B、APCS,
銘傳大學,醫療資訊與管理學系健康產業管理組（桃園校區）,英、社,
銘傳大學,醫療資訊與管理學系醫療資訊組（桃園校區）,國、社,
銘傳大學,生物科技學系生物醫學組（桃園校區）,國、英、自,
銘傳大學,生物科技學系食品生技組（桃園校區）,國、英、自,
銘傳大學,生物醫學工程學系專利醫材組（桃園校區）,國、英,
銘傳大學,生物醫學工程學系智慧醫療組（桃園校區）,國、自,
靜宜大學,英國語文學系,國、英、英聽,
靜宜大學,西班牙語文學系,國、英、社,
靜宜大學,日本語文學系,國、英、社,
靜宜大學,中國文學系,國、英、社,
靜宜大學,社會工作與兒童少年福利學系,國、英,
靜宜大學,台灣文學系,國、社,
靜宜大學,法律學系,國、英、社,
靜宜大學,生態人文學系,國、英,
靜宜大學,大眾傳播學系,國、英,
靜宜大學,財務工程學系,國、英、數B,
靜宜大學,應用化學系,國、自,
靜宜大學,食品營養學系營養與保健組,國、英、自,
靜宜大學,食品營養學系食品與生物技術組,國、英、自,
靜宜大學,化粧品科學系,國、英,
靜宜大學,資料科學暨大數據分析與應用學系,國、數B,
靜宜大學,企業管理學系,國、英、數B,
靜宜大學,國際企業學系,國、英,
靜宜大學,會計學系,國、英,
靜宜大學,觀光事業學系,國、英、數B,
靜宜大學,財務金融學系,國、英,
靜宜大學,資訊管理學系,國、英,
靜宜大學,資訊工程學系,國、英、數B,
靜宜大學,資訊工程學系（APCS組）,英、數B、APCS,
靜宜大學,資訊傳播工程學系,國、英、數B,
靜宜大學,資訊傳播工程學系（APCS組）,國、數B、APCS,
靜宜大學,寰宇管理學士學位學程,國、英,
靜宜大學,寰宇外語教育學士學位學程,國、英、英聽,
台灣首府大學,"	
餐旅管理學系",國、社,
台灣首府大學,"	
烘焙管理學系",國、社,
台灣首府大學,幼兒教育學系(師資培育學系),國、社,
國立清華大學,中國文學系甲組(一般組),國、英、數B、社,
國立清華大學,中國文學系乙組(華語文教學組),國、英、數B、社,
國立清華大學,外國語文學系,國、英、數B、社、英聽,
國立清華大學,人文社會學院學士班,國、英、數B、社,
國立清華大學,教育與學習科技學系,國、英、數B、社,
國立清華大學,幼兒教育學系,國、英、社,
國立清華大學,教育心理與諮商學系,國、英、數B,
國立清華大學,特殊教育學系,國、英、社,
國立清華大學,英語教學系,國、英、數B、社、英聽,
國立清華大學,"竹師教育學院學士班甲組(雙專長組)""",國、英、數B,
國立清華大學,竹師教育學院學士班乙組(永續發展教育組),國、英、數B、社,
國立清華大學,"經濟學系	",國、英、數A、英聽,
國立清華大學,"科技管理學院學士班	",國、英、數A,
國立清華大學,計量財務金融學系,國、英、數A,
國立清華大學,"數學系甲組(數學組)	",英、數A、自,
國立清華大學,數學系乙組(應用數學組),英、數A、自,
國立清華大學,物理學系物理組(甲組一般組),國、英、數A、自,
國立清華大學,物理學系物理組(乙組天文物理組),國、英、數A、自,
國立清華大學,物理學系光電物理組,國、英、數A、自,
國立清華大學,"化學系	",英、數A、自,
國立清華大學,"理學院學士班	",英、數A、自,
國立清華大學,"生醫工程與環境科學系	",英、數A、自,
國立清華大學,工程與系統科學系甲組(低碳綠能組),國、英、數A、自,
國立清華大學,工程與系統科學系乙組(智慧奈米系統組),國、英、數A、自,
國立清華大學,原子科學院學士班,國、英、數A、自,
國立清華大學,化學工程學系,國、英、數A、自,
國立清華大學,動力機械工程學系甲組,國、英、數A、自,
國立清華大學,動力機械工程學系乙組,國、英、數A、自,
國立清華大學,材料科學工程學系,英、數A、自,
國立清華大學,工業工程與工程管理學系,國、英、數A、自,
國立清華大學,"工學院學士班	",國、英、數A、自,
國立清華大學,"電機工程學系甲組	",英、數A、自,
國立清華大學,電機工程學系乙組,英、數A、自,
國立清華大學,"資訊工程學系甲組(電子資訊組)	",國、英、數A、自,
國立清華大學,資訊工程學系乙組(資訊工程組),國、英、數A、自,
國立清華大學,資訊工程學系丙組(人工智慧組),英、數A、自,
國立清華大學,電機資訊學院學士班,英、數A、自,
國立清華大學,生命科學系,英、數A、自,
國立清華大學,醫學科學系,國、英、數A、自,
國立清華大學,生命科學院學士班,國、英、數A、自,
國立清華大學,清華學院學士班甲組(不分系招生–創新設計),國、英、數A、自,
國立清華大學,運動科學系,國、英、數A,
國立清華大學,藝術學院學士班(科技藝術組),國、英、數A、數B,
國立清華大學,藝術學院學士班(音樂組),國、英、數A、數B,
國立清華大學,藝術學院學士班(藝設跨域組),國、英,
國立清華大學,音樂學系,國、英、主修、樂理、聽寫,
國立清華大學,藝術與設計學系創作組,國、英、素描、彩繪技法、創意表現、水墨書畫、美術鑑賞,
國立清華大學,藝術與設計學系設計組,國、英、素描、創意表現,
